Age,Gender,BMI,Fat_Percentage
34.0,,25.060700659035724,32.49284079084287
26.0,,25.291886888231954,30.930264265878343
22.0,,18.93352812271731,22.380233747260775
54.0,,22.732761743750753,34.29931409250091
34.0,,17.43955608402695,23.347467300832342
38.0,,21.230572023714146,28.816686428456975
44.0,,14.193705930832392,21.752447116998873
50.0,,33.309496029206976,46.07139523504837
18.0,,34.95530443582392,40.686365322988706
34.0,,21.766415642753337,28.53969877130401
39.0,,14.833985607877793,21.370782729453353
46.0,,11.317338162064283,18.760805794477143
19.0,,22.37016630956025,25.8141995714723
56.0,,35.88492766213372,50.541913194560465
19.0,,19.654066500370057,22.55487980044407
30.0,,35.39062499999999,43.96874999999999
23.0,,18.143078512396695,21.66169421487603
39.0,,22.758466596444187,30.880159915733024
54.0,,19.600591715976332,30.5407100591716
26.0,,44.42392531035191,53.88871037242229
22.0,,45.51111111111111,54.27333333333334
36.0,,20.262593106930943,27.195111728317137
18.0,,57.51111111111111,67.75333333333333
25.0,,17.26844583987441,21.07213500784929
59.0,,31.91111111111111,46.46333333333333
18.0,,38.43917786669403,44.867013440032835
18.0,,13.520822065981614,14.964986479177936
25.0,,23.61799816345271,28.69159779614325
32.0,,23.913330690976352,30.655996829171627
28.0,,25.64102564102564,31.809230769230766
27.0,,28.870523415977964,35.454628099173554
44.0,,19.223375624759708,27.78805074971165
20.0,,44.17104532444787,52.20525438933744
51.0,,23.140978816654492,34.099174579985394
52.0,,11.814744801512287,20.737693761814747
35.0,,29.204120211411595,37.69494425369391
21.0,,25.077551020408162,29.523061224489794
48.0,,39.424389902314346,52.949267882777214
18.0,,23.260951900012625,26.653142280015153
18.0,,28.726787729557817,33.21214527546938
28.0,,23.529411764705884,29.275294117647064
23.0,,47.82222222222222,57.276666666666664
30.0,,16.392947711629027,21.17153725395483
18.0,,11.981747431482882,13.118096917779459
49.0,,37.61248852157944,51.00498622589533
42.0,,25.115055884286654,34.39806706114398
27.0,,14.972961942658914,18.7775543311907
35.0,,14.365822638455311,19.88898716614637
24.0,,31.772268135904504,38.24672176308541
44.0,,20.073223077894205,28.80786769347305
52.0,,23.513859958340007,34.77663195000801
49.0,,18.481632653061226,28.04795918367347
36.0,,13.679422728360864,19.295307274033036
23.0,,22.6202011427044,27.03424137124528
56.0,,13.21178491214163,23.334141894569953
24.0,,22.559122737481832,27.1909472849782
22.0,,33.497836668469446,39.857404002163335
20.0,,27.43799164439761,32.12558997327713
44.0,,14.172335600907031,21.72680272108844
33.0,,18.608956557821823,24.520747869386184
18.0,,14.872099940511603,16.586519928613924
59.0,,20.355555555555554,32.59666666666667
27.0,,17.077551020408162,21.303061224489795
33.0,,20.065746219592373,26.268895463510844
47.0,,26.196592752839376,36.84591130340725
46.0,,16.023073225444637,24.407687870533564
27.0,,37.15134446973496,45.39161336368195
34.0,,21.46814404432133,28.1817728531856
45.0,,37.89307486513749,50.421689838164994
55.0,,19.985390796201607,31.23246895544193
18.0,,18.162086245970187,20.534503495164223
41.0,,13.577425868848975,20.32291104261877
24.0,,20.876277356256306,25.17153282750757
26.0,,30.72664359861592,37.45197231833911
29.0,,33.46020761245675,41.4222491349481
43.0,,38.30238363941042,50.45286036729251
48.0,,25.419145484045433,36.14297458085452
29.0,,26.1286108288576,32.62433299462912
57.0,,18.187537533243727,29.535045039892474
22.0,,31.10618014464168,36.98741617357002
20.0,,22.51943301326017,26.223319615912203
39.0,,13.332902892561982,19.569483471074378
41.0,,12.767723195761114,19.351267834913337
41.0,,17.101130231684074,24.55135627802089
20.0,,15.94387755102041,18.33265306122449
26.0,,18.170595270244203,22.384714324293043
37.0,,21.529457433784223,28.945348920541072
59.0,,17.551356796190593,29.231628155428716
22.0,,15.865595325054782,18.69871439006574
25.0,,22.912259313707914,27.8447111764495
32.0,,14.15,18.939999999999998
37.0,,25.30762167125804,33.47914600550965
29.0,,32.213358572201194,39.926030286641435
30.0,,24.075,30.39
28.0,,27.876866164618843,34.49223939754261
33.0,,25.510204081632654,32.802244897959184
32.0,,14.407374622264278,19.248849546717132
49.0,,13.291587901701323,21.81990548204159
53.0,,25.90382797731569,37.87459357277883
54.0,,13.469685902118334,23.183623082542
18.0,,21.072334259147443,24.026801110976933
18.0,,25.280091927607007,29.07611031312841
29.0,,19.56353305785124,24.74623966942149
22.0,,17.8088141935915,21.0305770323098
20.0,,27.962016070124175,32.75441928414901
47.0,,24.182825484764543,34.42939058171745
18.0,,28.74147191174336,33.22976629409203
18.0,,24.097959183673467,27.657551020408157
33.0,,21.4036673553719,27.874400826446283
27.0,,21.978021978021975,27.183626373626367
38.0,,16.3265306122449,22.93183673469388
29.0,,27.319211102994885,34.053053323593865
54.0,,22.31905622276544,33.80286746731853
37.0,,18.47706238096829,25.28247485716195
21.0,,19.459459459459456,22.781351351351347
26.0,,23.359374999999993,28.61124999999999
42.0,,21.335954936762676,29.86314592411521
31.0,,44.94809688581316,55.667716262975794
50.0,,13.061224489795919,21.7734693877551
51.0,,30.99648458626285,43.525781503515425
18.0,,19.56285472768989,22.215425673227863
54.0,,22.620347020964285,34.16441642515714
37.0,,16.210916984699416,22.563100381639302
21.0,,23.4235495956024,27.53825951472288
19.0,,10.738543316599104,11.856251979918925
36.0,,14.638422205989773,20.446106647187726
23.0,,22.758466596444187,27.200159915733025
39.0,,25.770610701747614,34.494732842097136
45.0,,19.097222222222225,27.866666666666667
33.0,,28.066828535090757,35.87019424210891
27.0,,16.227838857560144,20.283406629072175
37.0,,18.14463111760409,24.883557341124906
28.0,,20.281332486885628,25.377598984262754
18.0,,13.852788279773156,15.363345935727788
18.0,,32.95108143417042,38.281297721004506
24.0,,13.73240535563809,16.59888642676571
27.0,,21.707711874205106,26.859254249046124
23.0,,25.375329161109406,30.340394993331287
23.0,,17.005113221329438,20.296135865595325
23.0,,27.884070294784586,33.3508843537415
43.0,,23.954028925619838,33.234834710743804
18.0,,14.025,15.569999999999999
45.0,,12.169036882876632,19.55284425945196
18.0,,13.364963747535834,14.777956497042998
18.0,,11.68736303871439,12.76483564645727
22.0,,13.061224489795919,15.3334693877551
28.0,,27.19628292214843,33.67553950657811
18.0,,12.345679012345679,13.554814814814813
57.0,,21.36686914318855,33.35024297182626
55.0,,24.99901111506665,37.248813338079984
50.0,,23.802195547347903,34.66263465681748
32.0,,18.401342975206614,24.041611570247937
20.0,,21.676341902828216,25.21161028339386
18.0,,21.367187499999996,24.380624999999995
30.0,,21.777948951367254,27.633538741640706
18.0,,24.375,27.990000000000002
31.0,,20.956607495069033,26.877928994082843
18.0,,14.165336916659669,15.738404299991602
31.0,,21.672110130948383,27.736532157138058
28.0,,23.120623596247853,28.784748315497424
23.0,,16.52892561983471,19.72471074380165
48.0,,25.963504494425365,36.79620539331044
52.0,,23.197828557000378,34.397394268400454
18.0,,40.98857340720222,47.926288088642664
47.0,,11.197894795778394,18.84747375493407
54.0,,27.849655716854524,40.43958686022543
22.0,,20.5533326493622,24.32399917923464
43.0,,26.825179088553572,36.68021490626429
31.0,,12.767723195761114,17.051267834913332
48.0,,24.666666666666668,35.24
23.0,,42.48888888888889,50.876666666666665
43.0,,31.990262476202368,42.87831497144284
50.0,,14.733444398167432,23.780133277800914
30.0,,14.342572340349243,18.71108680841909
25.0,,27.181013209464368,32.96721585135724
19.0,,25.84189007833713,29.980268094004558
41.0,,25.067542149721284,34.11105057966554
53.0,,14.105703499642892,23.71684419957147
35.0,,33.5772556983299,42.94270683799588
33.0,,34.14113702179545,43.159364426154546
21.0,,24.94508035611053,29.364096427332633
33.0,,12.890955198647505,17.659146238377005
33.0,,34.91752298539752,44.091027582477025
33.0,,25.959978366684695,33.34197404002163
23.0,,26.007753396815836,31.099304076179003
30.0,,22.823330515638204,28.887996618765847
18.0,,13.87237415774871,15.386848989298452
56.0,,27.955555555555556,41.02666666666667
22.0,,17.271435950413224,20.38572314049587
21.0,,29.616326530612245,34.96959183673469
21.0,,29.547881808472763,34.887458170167314
50.0,,28.248007934065182,39.99760952087822
27.0,,12.913223140495868,16.305867768595043
27.0,,28.080435827591725,34.50652299311007
29.0,,13.910034602076127,17.962041522491354
19.0,,23.844449299335228,27.583339159202275
39.0,,31.05098690716348,40.83118428859618
26.0,,15.718003555876214,19.441604267051453
20.0,,32.26562499999999,37.918749999999996
34.0,,40.53333333333333,51.059999999999995
18.0,,24.767562979823307,28.461075575787966
23.0,,17.153351698806247,20.474022038567497
28.0,,32.97777777777778,40.61333333333334
18.0,,28.068944344546292,32.42273321345555
32.0,,20.36958450677057,26.403501408124683
47.0,,13.364963747535834,21.447956497043002
26.0,,24.536017615602386,30.023221138722867
19.0,,15.822158933586486,17.956590720303787
39.0,,28.3207819259734,37.55493831116808
19.0,,22.286077049016004,25.713292458819204
39.0,,31.20671745152354,41.018060941828246
53.0,,29.9301011302796,42.70612135633552
41.0,,34.22222222222222,45.096666666666664
23.0,,33.329560887279314,39.88547306473517
31.0,,28.331350386674604,35.727620464009526
50.0,,19.36857760951866,29.342293131422387
22.0,,34.84991887506761,41.47990265008113
29.0,,27.099891460383045,33.78986975245966
18.0,,26.54336573664941,30.592038883979292
29.0,,11.562030292519365,15.144436351023236
42.0,,25.781249999999996,35.1975
51.0,,27.003734559034758,38.73448147084171
51.0,,32.881632653061224,45.78795918367347
22.0,,14.65,17.240000000000002
21.0,,18.958911348923237,22.180693618707885
21.0,,29.305110473941642,34.59613256872997
26.0,,11.567665360050439,14.461198432060526
18.0,,23.945312499999993,27.474374999999988
18.0,,25.37722908093278,29.19267489711934
37.0,,32.6643598615917,42.30723183391004
45.0,,37.3884860837315,49.8161833004778
18.0,,28.71321119815237,33.195853437782844
51.0,,18.445839874411302,28.465007849293563
18.0,,28.982007003985025,33.51840840478203
27.0,,32.16321847323318,39.40586216787982
34.0,,21.35779559539232,28.049354714470788
31.0,,30.67061544078867,38.534738528946406
23.0,,12.913223140495868,15.38586776859504
19.0,,26.47187728268809,30.736252739225705
47.0,,32.557639212592775,44.47916705511133
33.0,,45.48160078428627,56.76792094114353
19.0,,12.767723195761114,14.291267834913336
27.0,,35.14247370556475,42.9809684466777
49.0,,20.151695419393224,30.05203450327187
46.0,,31.477627471383972,42.95315296566076
52.0,,15.624999999999996,25.309999999999995
26.0,,13.333333333333334,16.58
18.0,,20.18100145329634,22.957201743955608
38.0,,27.291008330939384,36.08920999712726
18.0,,15.462962962962962,17.295555555555552
45.0,,42.416326530612245,55.849591836734696
47.0,,31.173777941127334,42.818533529352806
45.0,,25.50173010380623,35.55207612456748
55.0,,28.51742274819198,41.47090729783037
18.0,,21.525,24.57
18.0,,12.767723195761114,14.061267834913336
46.0,,13.953011182928082,21.9236134195137
43.0,,17.407407407407405,25.378888888888888
45.0,,22.84617411268772,32.36540893522526
43.0,,14.00511186583103,21.296134238997233
29.0,,30.2628276381369,37.58539316576428
18.0,,23.08402585410896,26.440831024930752
21.0,,22.002551020408166,25.833061224489803
41.0,,22.705078125,31.27609375
26.0,,23.297491039426518,28.536989247311823
18.0,,13.67479625164067,15.149755501968803
21.0,,17.077382747183464,19.92285929662016
49.0,,34.92416364875041,47.778996378500494
19.0,,16.222699154147204,18.437238984976645
31.0,,26.12630466376007,33.081565596512085
43.0,,14.375,21.740000000000002
43.0,,24.144181115556925,33.463017338668315
18.0,,22.627258824630943,25.892710589557133
44.0,,24.677021338365513,34.33242560603862
21.0,,38.37899255144552,45.484791061734626
44.0,,15.263157894736842,23.03578947368421
58.0,,17.306652244456465,28.70798269334776
35.0,,22.605591909577637,29.776710291493167
26.0,,21.1265306122449,25.93183673469388
24.0,,16.7291029197289,20.19492350367468
31.0,,16.989619377162633,22.117543252595155
39.0,,26.818559392429094,35.75227127091491
22.0,,15.16053359476209,17.85264031371451
44.0,,13.476020610384461,20.891224732461353
18.0,,25.034137460172968,28.78096495220756
50.0,,18.025525196263324,27.73063023551599
27.0,,20.429687499999996,25.325624999999995
28.0,,23.63119834710744,29.39743801652893
41.0,,42.203019111477644,54.673622933773174
31.0,,21.0727969348659,27.01735632183908
18.0,,18.870663376397157,21.384796051676588
25.0,,32.577777777777776,39.44333333333333
18.0,,14.930275612887812,16.656330735465374
34.0,,29.72651605231867,38.0918192627824
39.0,,32.37240075614366,42.416880907372395
18.0,,13.884898975390213,15.401878770468256
20.0,,38.557920411640886,45.46950449396906
22.0,,12.993064883089827,15.251677859707792
18.0,,19.814196545217015,22.51703585426042
36.0,,10.0,14.88
26.0,,17.8,21.939999999999998
53.0,,16.05536332179931,26.056435986159173
18.0,,22.06160838277995,25.213930059335944
20.0,,22.723294002310848,26.46795280277302
43.0,,17.483930211202942,25.470716253443527
23.0,,16.920415224913498,20.194498269896194
51.0,,19.791124146816152,30.079348976179382
54.0,,21.203103411627165,32.4637240939526
22.0,,21.476693683526555,25.43203242023187
23.0,,15.146259683200368,18.065511619840443
34.0,,36.489151873767256,46.20698224852071
29.0,,28.11634349030471,35.00961218836566
18.0,,13.520822065981614,14.964986479177936
24.0,,10.0,12.12
41.0,,19.767684911463466,27.75122189375616
37.0,,34.44444444444444,44.44333333333333
30.0,,40.427257977285024,50.012709572742025
38.0,,17.77777777777778,24.673333333333332
18.0,,27.183247456731404,31.359896948077683
54.0,,24.636678200692046,36.58401384083046
34.0,,14.37717013888889,19.672604166666666
56.0,,11.896084964598085,21.755301957517702
18.0,,25.991836734693877,29.930204081632652
42.0,,37.75682168596938,49.56818602316326
31.0,,34.72222222222222,43.39666666666667
50.0,,41.57530780907404,55.99036937088885
27.0,,18.726338561384534,23.28160627366144
41.0,,12.767723195761114,19.351267834913337
26.0,,20.865306122448978,25.618367346938776
47.0,,10.964611715687619,18.567534058825146
31.0,,10.0,13.729999999999999
27.0,,40.84444444444445,49.82333333333334
20.0,,14.845418577780892,17.014502293337074
21.0,,33.24099722991689,39.31919667590027
47.0,,25.656844244447672,36.19821309333721
33.0,,11.317338162064283,15.77080579447714
59.0,,16.43655489809336,27.89386587771203
43.0,,16.780809638208613,24.626971565850333
27.0,,32.881632653061224,40.26795918367347
44.0,,29.033661643131204,39.56039397175744
22.0,,18.931589477141745,22.377907372570093
19.0,,44.42392531035191,52.27871037242229
24.0,,16.13819372514952,19.485832470179425
45.0,,22.535763276504017,31.992915931804824
35.0,,18.814964255953686,25.227957107144427
18.0,,21.106835672249886,24.068202806699865
21.0,,17.906520980429008,20.91782517651481
31.0,,21.484374999999996,27.511249999999997
27.0,,16.693798078457657,20.842557694149185
46.0,,21.453061224489797,30.923673469387758
53.0,,32.67620847961113,46.00145017553336
18.0,,18.524470416362306,20.969364499634764
48.0,,21.134708115317533,31.00164973838104
25.0,,12.243767313019392,15.042520775623268
18.0,,14.073469387755102,15.628163265306123
18.0,,36.43052094458288,42.45662513349946
31.0,,21.302075772971406,27.292490927565687
44.0,,21.298719925418624,30.278463910502346
59.0,,13.143903591682419,23.942684310018905
44.0,,21.2,30.160000000000004
57.0,,24.968009737523797,37.67161168502856
20.0,,23.875442010909786,27.850530413091747
27.0,,18.207644628099175,22.659173553719008
32.0,,14.6,19.479999999999997
42.0,,22.367346938775512,31.100816326530612
48.0,,25.083935950413224,35.74072314049587
55.0,,26.878705335683378,39.50444640282005
31.0,,17.191358024691358,22.35962962962963
39.0,,20.874620161183778,28.619544193420538
40.0,,26.888657648283033,36.06638917793964
36.0,,26.092321091595302,34.19078530991437
26.0,,18.944836112132045,23.31380333455845
48.0,,19.377162629757787,28.892595155709344
54.0,,26.224571968768604,38.48948636252233
18.0,,11.308349769888233,12.31001972386588
59.0,,22.407354208560758,35.05882505027291
23.0,,29.78395061728395,35.63074074074074
30.0,,14.15,18.480000000000004
38.0,,11.317338162064283,16.92080579447714
48.0,,25.27777777777778,35.973333333333336
47.0,,46.834612862158096,61.61153543458972
21.0,,20.823487712665404,24.418185255198487
23.0,,25.895316804407717,30.964380165289263
46.0,,19.18700325618851,28.20440390742621
42.0,,19.94459833795014,28.19351800554017
29.0,,17.18506761087879,21.892081133054546
18.0,,19.607016360263113,22.268419632315734
47.0,,14.542779538252603,22.861335445903123
43.0,,16.232281664380427,23.96873799725651
18.0,,23.04002019946976,26.388024239363716
50.0,,31.143707482993204,43.472448979591846
35.0,,19.003908350962746,25.454690021155294
43.0,,17.861965201959798,25.924358242351758
50.0,,22.93628808864266,33.623545706371196
53.0,,32.38281249999999,45.649375
18.0,,30.31708551189071,35.12050261426885
27.0,,12.377732157951938,15.663278589542324
18.0,,25.56099996878999,29.413199962547985
18.0,,23.703651832919018,27.184382199502828
22.0,,31.053962111045223,36.92475453325427
31.0,,15.837482040829963,20.734978448995953
18.0,,21.000708884688088,23.940850661625703
22.0,,28.026590930370464,33.29190911644456
28.0,,24.938188699978635,30.965826439974364
40.0,,14.314058956916101,20.976870748299326
56.0,,15.05513944822914,25.54616733787497
41.0,,12.97778925619835,19.60334710743802
47.0,,16.481701677896684,25.18804201347602
42.0,,12.37594517958412,19.111134215500947
26.0,,13.520822065981614,16.804986479177934
18.0,,15.444897959183672,17.273877551020405
54.0,,22.7630186736824,34.33562240841888
19.0,,22.625236294896027,26.120283553875232
32.0,,25.528007346189167,32.593608815427004
46.0,,25.819564153712975,36.16347698445557
46.0,,18.25,27.08
52.0,,13.953011182928082,23.303613419513695
19.0,,16.445312499999996,18.704375
34.0,,12.075836251660427,16.91100350199251
18.0,,22.94723162682535,26.27667795219042
53.0,,23.809523809523814,35.36142857142858
29.0,,18.025,22.9
49.0,,17.72998941919986,27.14598730303983
52.0,,21.05978260869565,31.831739130434777
21.0,,21.055620917684287,24.696745101221147
33.0,,36.70740872592065,46.23889047110478
58.0,,13.84083044982699,24.548996539792384
36.0,,14.013295465185232,19.695954558222276
33.0,,27.197231833910035,34.826678200692044
42.0,,18.906901018871892,26.948281222646273
29.0,,19.523878647118597,24.698654376542315
44.0,,17.90968764146673,26.211625169760076
42.0,,32.77757359083163,43.593088308997956
32.0,,38.75555555555556,48.46666666666667
31.0,,22.1606648199446,28.322797783933524
48.0,,15.925925925925926,24.751111111111115
21.0,,20.277574872169467,23.763089846603364
38.0,,32.636194973857314,42.50343396862878
42.0,,21.867361037304708,30.50083324476565
40.0,,28.207703213610586,37.6492438563327
19.0,,21.00346020761246,24.17415224913495
34.0,,11.317338162064283,16.000805794477138
37.0,,18.637759924385634,25.475311909262764
51.0,,24.755555555555556,36.03666666666667
52.0,,22.10197710718002,33.08237252861603
52.0,,19.8647506339814,30.39770076077769
35.0,,13.816216955644473,19.229460346773365
45.0,,13.061224489795919,20.6234693877551
31.0,,10.0,13.729999999999999
27.0,,14.172335600907031,17.816802721088436
18.0,,20.43615800229557,23.263389602754685
35.0,,46.86868686868687,58.89242424242425
19.0,,15.08650519031142,17.073806228373705
24.0,,18.467220683287167,22.280664819944597
44.0,,19.742712671029153,28.411255205234987
21.0,,24.8415572657311,29.239868718877318
38.0,,20.675,28.15
33.0,,29.065743944636683,37.06889273356402
18.0,,16.700506162601158,18.780607395121386
48.0,,19.911987765675228,29.534385318810273
45.0,,33.122089562690384,44.696507475228465
21.0,,16.023073225444637,18.657687870533564
59.0,,23.756223061244942,36.67746767349393
36.0,,17.555619394171533,23.946743273005836
33.0,,21.58782254413762,28.095387052965144
22.0,,16.427798810167662,19.373358572201198
42.0,,19.14531056834508,27.234372682014097
36.0,,18.046229338842974,24.535475206611565
41.0,,18.3,25.990000000000002
23.0,,20.552501663107037,24.553001995728444
24.0,,27.71404419756068,33.37685303707282
42.0,,16.123580313683075,23.608296376419688
55.0,,19.296549672813804,30.405859607376563
36.0,,18.9685645751799,25.642277490215882
18.0,,16.43655489809336,18.46386587771203
23.0,,16.175,19.299999999999997
24.0,,28.162493730951734,33.914992477142086
41.0,,29.15160123966942,39.0119214876033
48.0,,29.77153825887312,41.36584591064774
47.0,,27.785289345592215,38.75234721471066
54.0,,12.484004868761899,22.000805842514275
33.0,,24.62574546634752,31.740894559617026
50.0,,32.214538708045204,44.757446449654246
49.0,,34.278747893434684,47.00449747212162
25.0,,21.706968676665646,26.398362411998775
34.0,,24.93074792243768,32.33689750692522
30.0,,15.883172117881744,20.559806541458094
49.0,,12.913223140495868,21.365867768595045
18.0,,20.749879826950806,23.639855792340967
22.0,,16.15,19.04
47.0,,20.754658094316657,30.31558971317999
54.0,,17.037037037037038,27.464444444444446
49.0,,31.44316044074173,43.60179252889008
18.0,,23.921745867768593,27.446095041322316
46.0,,13.061224489795919,20.853469387755105
18.0,,29.409865702479337,34.031838842975205
21.0,,18.292682926829272,21.38121951219513
48.0,,12.767723195761114,20.961267834913336
48.0,,16.276041666666668,25.17125
21.0,,23.65491651205937,27.815899814471244
51.0,,15.43653312840389,24.853839754084667
44.0,,19.876700680272112,28.572040816326535
24.0,,13.879567236704343,16.775480684045213
51.0,,25.072397500381033,36.41687700045724
32.0,,11.317338162064283,15.540805794477139
45.0,,22.954361328652443,32.49523359438293
58.0,,19.732073344250853,31.61848801310102
18.0,,17.407865281165424,19.62943833739851
59.0,,16.438802083333336,27.89656250000001
20.0,,32.55204269529665,38.26245123435598
39.0,,25.19192932371436,33.80031518845723
52.0,,14.918385818170469,24.462062981804564
18.0,,15.258741676371343,17.050490011645614
34.0,,17.87297320483857,23.867567845806285
59.0,,23.58645627876397,36.47374753451677
37.0,,45.24453694068678,57.40344432882413
41.0,,15.624999999999996,22.779999999999994
53.0,,22.03893996755003,33.23672796106003
23.0,,36.05191475725044,43.15229770870052
28.0,,32.4546485260771,39.98557823129252
48.0,,29.445747697909738,40.97489723749168
43.0,,23.44922714917441,32.629072579009296
55.0,,37.63784862057285,52.415418344687424
30.0,,25.76482830385015,32.41779396462018
19.0,,21.787626412849498,25.1151516954194
21.0,,24.93827160493827,29.355925925925924
21.0,,13.033790177345015,15.070548212814016
29.0,,17.603191120360734,22.39382934443288
40.0,,27.26643598615917,36.51972318339101
37.0,,29.86590105388467,38.9490812646616
47.0,,33.96891523794263,46.17269828553116
50.0,,24.012419077817412,34.91490289338089
43.0,,20.09733552746753,28.606802632961035
33.0,,12.209639510393455,16.841567412472145
33.0,,53.37771203155818,66.24325443786981
50.0,,24.444444444444443,35.43333333333333
18.0,,11.053246891274313,12.003896269529177
43.0,,20.160147392290252,28.6821768707483
20.0,,28.008984013740253,32.810780816488304
24.0,,27.416251697600728,33.01950203712088
24.0,,33.36620644312952,40.15944773175543
53.0,,19.52908587257618,30.224903047091416
38.0,,19.841806381828018,27.150167658193624
26.0,,22.77318640955005,27.90782369146006
18.0,,33.227639054036196,38.613166864843436
33.0,,21.545090797168363,28.044108956602038
45.0,,15.909914261562612,24.041897113875137
29.0,,27.153654115796318,33.85438493895558
57.0,,16.649323621227886,27.689188345473468
37.0,,27.957432554304415,36.65891906516529
52.0,,29.204120211411595,41.604944253693915
34.0,,24.13061224489796,31.37673469387755
36.0,,27.400353795777033,35.76042455493244
34.0,,19.93079584775087,26.336955017301044
48.0,,16.28352490421456,25.18022988505747
18.0,,12.154857560262965,13.325829072315555
33.0,,18.75947267579856,24.701367210958267
35.0,,14.498946918592228,20.048736302310672
43.0,,22.97056895852189,32.05468275022627
49.0,,21.874999999999996,32.12
48.0,,14.51589490492089,23.05907388590507
44.0,,24.954730647351745,34.665676776822096
27.0,,20.007888414787192,24.81946609774463
41.0,,23.902040816326533,32.71244897959184
44.0,,13.520822065981614,20.944986479177935
54.0,,15.228029987505208,25.293635985006247
45.0,,23.933402705515086,33.670083246618105
24.0,,18.57729960907481,22.412759530889772
32.0,,13.233045160887613,17.839654193065137
33.0,,26.959840341724732,34.541808410069684
28.0,,26.15454640943945,32.42545569132734
59.0,,23.065476190476193,35.84857142857143
21.0,,12.345679012345679,14.244814814814815
23.0,,25.757090209902255,30.79850825188271
20.0,,17.031249999999996,19.637499999999996
21.0,,38.25636335924401,45.33763603109281
48.0,,20.8804889090086,30.69658669081032
23.0,,17.27440877262518,20.619290527150213
51.0,,19.59577305837694,29.84492767005233
30.0,,26.28643664485426,33.04372397382511
20.0,,23.2,27.04
18.0,,18.351020408163265,20.761224489795914
24.0,,21.56823886907121,26.001886642885452
37.0,,19.434400826446282,26.43128099173554
54.0,,20.294739861594177,31.37368783391301
30.0,,11.944220490310249,15.8330645883723
34.0,,19.691358024691358,26.049629629629628
42.0,,20.207612456747405,28.509134948096886
43.0,,13.253230286197319,20.39387634343678
24.0,,15.731336137614994,18.99760336513799
37.0,,16.23694745387867,22.59433694465441
55.0,,26.61796932067202,39.19156318480643
43.0,,16.649323621227886,24.469188345473462
49.0,,11.197894795778394,19.307473754934072
27.0,,32.34321226903672,39.62185472284406
36.0,,22.275309917355372,29.610371900826443
20.0,,18.827908587257618,21.793490304709138
55.0,,20.652339582380733,32.03280749885688
34.0,,19.087746177662865,25.325295413195434
18.0,,17.044897959183675,19.193877551020407
40.0,,13.409735349716446,19.891682419659737
28.0,,22.002551020408166,27.443061224489803
26.0,,29.53466672075946,36.02160006491135
27.0,,19.938151041666668,24.735781250000002
22.0,,28.451154013644945,33.80138481637394
51.0,,27.801717258769827,39.6920607105238
45.0,,27.358456739216177,37.780148087059416
33.0,,22.059897735573408,28.66187728268809
44.0,,20.520291363163366,29.344349635796043
56.0,,26.59266967279454,39.39120360735345
35.0,,17.404374826945133,23.535249792334163
46.0,,29.894111570247933,41.052933884297516
23.0,,27.414453692693883,32.78734443123266
21.0,,24.228395061728392,28.50407407407407
56.0,,19.6771821714926,31.092618605791124
58.0,,32.495538370017854,46.93464604402143
26.0,,36.47007634191685,44.34409161030022
18.0,,22.079923477521522,25.235908173025827
36.0,,15.92076798269335,21.984921579232022
53.0,,27.322600308365306,39.577120370038365
46.0,,14.611761864509116,22.71411423741094
24.0,,12.830946180555555,15.517135416666667
31.0,,25.297619047619055,32.087142857142865
24.0,,29.31190583974649,35.29428700769579
35.0,,25.5649539199596,33.32794470395152
55.0,,41.07513850415513,56.54016620498615
21.0,,28.685144680698485,33.85217361683818
29.0,,12.767723195761114,16.59126783491334
35.0,,24.624433106575967,32.19931972789116
37.0,,14.743139708800097,20.801767650560116
18.0,,16.06368102119115,18.01641722542938
54.0,,21.745991667718723,33.11519000126247
44.0,,20.300679881260173,29.080815857512214
27.0,,13.520822065981614,17.034986479177938
35.0,,22.545970795024342,29.705164954029208
44.0,,15.988372093023257,23.906046511627906
39.0,,23.219711983088914,31.433654379706695
49.0,,22.80150178565978,33.231802142791736
26.0,,22.298522433548086,27.338226920257704
18.0,,13.520822065981614,14.964986479177936
33.0,,34.08945277457388,43.09734332948866
47.0,,23.843723068083882,34.02246768170066
40.0,,24.69281663516068,33.431379962192814
38.0,,44.64716459804394,56.91659751765273
42.0,,30.000000000000004,40.26
18.0,,11.69607366524636,12.775288398295631
28.0,,38.287794394982676,46.98535327397921
26.0,,27.227496108177405,33.25299532981288
23.0,,23.167790970971584,27.691349165165903
30.0,,32.31534090909091,40.278409090909086
18.0,,23.608473338203066,27.070168005843676
58.0,,23.188209843158464,35.76585181179016
46.0,,11.896084964598085,19.455301957517705
19.0,,18.877603365137993,21.623124038165592
31.0,,30.28801691108469,38.07562029330163
47.0,,27.555057596022554,38.47606911522707
28.0,,16.227838857560144,20.513406629072172
22.0,,13.469072607166346,15.822887128599616
23.0,,26.55972035829094,31.76166442994913
48.0,,39.06666666666667,52.52
24.0,,29.722800833199805,35.78736099983977
22.0,,14.183991535359889,16.68078984243187
18.0,,18.470343392299686,20.90441207075962
54.0,,22.791836734693877,34.37020408163265
42.0,,15.058001189767998,22.3296014277216
18.0,,11.401499375260308,12.421799250312366
24.0,,17.200496819601796,20.760596183522154
43.0,,13.364963747535834,20.527956497043
25.0,,14.28521410314765,17.492256923777177
59.0,,35.963334941449936,51.326001929739924
29.0,,16.520182291666668,21.094218750000003
27.0,,19.48696145124717,24.1943537414966
23.0,,22.481329065691202,26.867594878829443
34.0,,20.0,26.42
24.0,,16.271808999081728,19.64617079889807
24.0,,21.00673801030519,25.32808561236623
29.0,,14.053357968701885,18.134029562442265
58.0,,15.633403850980674,26.700084621176806
38.0,,20.45024337479719,27.880292049756626
34.0,,28.83805124683999,37.02566149620799
39.0,,22.170193085905883,30.17423170308706
18.0,,20.34291534631055,23.15149841557266
25.0,,17.485822306238184,21.33298676748582
27.0,,16.068979031941996,20.092774838330392
33.0,,22.693877551020407,29.422653061224487
23.0,,12.338608912952937,14.696330695543525
33.0,,24.979591836734695,32.165510204081635
18.0,,18.955498866213155,21.486598639455785
25.0,,28.0895078420768,34.057409410492156
47.0,,18.899836237214423,28.08980348465731
39.0,,13.36486342863216,19.60783611435859
28.0,,23.136337868480727,28.803605442176874
20.0,,19.342585829072316,22.411102994886782
19.0,,15.181947069943288,17.18833648393195
58.0,,33.89023545706371,48.608282548476446
31.0,,32.626561472715316,40.881873767258384
25.0,,22.88221184193915,27.808654210326985
21.0,,29.397682658239965,34.70721918988796
55.0,,30.21852237252861,43.512226847034334
40.0,,27.175453514739235,36.41054421768708
39.0,,30.405292525644022,40.056351030772824
26.0,,31.365165838807876,38.218199006569456
26.0,,20.151695419393224,24.76203450327187
42.0,,31.70197224251278,42.302366691015344
18.0,,31.70248437738149,36.78298125285779
19.0,,25.312499999999993,29.34499999999999
25.0,,18.226245793943274,22.22149495273193
42.0,,16.516894823773132,24.080273788527755
43.0,,29.80386915700491,40.25464298840589
47.0,,38.83251461149557,52.00901753379468
30.0,,33.493369913123,41.692043895747595
48.0,,12.195770007439686,20.274924008927627
18.0,,34.93877551020408,40.6665306122449
39.0,,12.021502835538753,17.9958034026465
50.0,,22.125,32.65
27.0,,22.410269281795692,27.70232313815483
43.0,,26.395803401383272,36.164964081659924
27.0,,11.68736303871439,14.834835646457266
19.0,,20.234374999999996,23.25125
38.0,,35.77151097580515,46.26581317096618
33.0,,13.061224489795919,17.863469387755103
50.0,,39.094650205761305,53.01358024691356
18.0,,26.367931717725952,30.381518061271144
19.0,,26.999892430707447,31.36987091684893
45.0,,20.130696022104292,29.10683522652515
59.0,,27.141060489269343,40.73927258712321
32.0,,21.928564588719716,28.274277506463662
37.0,,19.644444444444446,26.683333333333337
18.0,,14.356605599076184,15.967926718891421
18.0,,24.147727272727273,27.71727272727273
54.0,,17.642127724432246,28.1905532693187
24.0,,24.127423822714682,29.072908587257622
43.0,,11.197894795778394,17.927473754934077
18.0,,16.859888512704764,18.97186621524572
18.0,,20.72586306889289,23.61103568267147
33.0,,15.00422654268808,20.1950718512257
49.0,,28.86530612244898,40.50836734693878
19.0,,39.21627822726724,46.029533872720684
35.0,,12.577634905277613,17.743161886333134
34.0,,22.755965155914655,29.727158187097587
50.0,,43.76792039129702,58.62150446955642
36.0,,28.433960372882485,37.000752447458986
18.0,,30.116002379535995,34.8792028554432
47.0,,21.190197031656606,30.83823643798793
45.0,,16.381108717212136,24.607330460654566
25.0,,36.99591836734694,44.74510204081633
23.0,,21.662049861495845,25.884459833795013
25.0,,14.172335600907031,17.356802721088435
59.0,,12.624668602449185,23.31960232293902
23.0,,23.121387283236995,27.635664739884398
48.0,,36.57266463707739,49.527197564492866
46.0,,19.296061566319604,28.335273879583525
18.0,,13.036189154815585,14.383426985778703
20.0,,25.895316804407717,30.27438016528926
18.0,,19.20351473922903,21.784217687074836
18.0,,24.16464331136547,27.737571973638566
37.0,,22.656249999999996,30.2975
52.0,,10.964611715687619,19.717534058825144
30.0,,15.241579027587255,19.789894833104704
23.0,,37.111111111111114,44.42333333333334
22.0,,25.27777777777778,29.993333333333332
40.0,,14.929316950720043,21.715180340864052
49.0,,22.93857643651882,33.396291723822586
28.0,,26.73507966513637,33.12209559816365
33.0,,12.484004868761899,17.170805842514277
48.0,,21.825,31.83
49.0,,12.767723195761114,21.19126783491334
26.0,,13.85,17.199999999999996
18.0,,17.006916368739347,19.148299642487217
55.0,,25.588448887180142,37.95613866461617
44.0,,17.212502254631655,25.37500270555799
50.0,,35.62901744719927,48.85482093663912
37.0,,28.52948925439422,37.34538710527306
21.0,,22.933333333333334,26.950000000000003
27.0,,15.674513354459032,19.619416025350837
23.0,,31.972281917459764,38.25673830095172
30.0,,21.984046489953677,27.880855787944412
45.0,,43.4579941912582,57.09959302950984
36.0,,26.900051008080755,35.160061209696906
45.0,,28.760986286378717,39.46318354365446
51.0,,14.105902777777779,23.257083333333334
25.0,,24.463667820069208,29.70640138408305
52.0,,15.679012345679011,25.374814814814812
42.0,,28.981143437841094,39.03737212540931
31.0,,17.541402611953366,22.77968313434404
18.0,,25.237664101403354,29.02519692168402
18.0,,18.42982090795502,20.855785089546025
50.0,,19.520412207689258,29.524494649227115
46.0,,21.791064049586776,31.329276859504134
27.0,,14.495290781135116,18.20434893736214
24.0,,31.644317867172973,38.09318144060757
24.0,,38.743965272424845,46.61275832690982
18.0,,21.59736570247934,24.656838842975205
18.0,,36.8,42.9
26.0,,29.63265913146937,36.13919095776324
33.0,,31.48984693653787,39.977816323845445
35.0,,29.778084303622865,38.383701164347436
54.0,,17.451607986587405,27.961929583904883
44.0,,39.22865013774105,51.79438016528926
19.0,,20.69204152249135,23.80044982698962
44.0,,19.283746556473833,27.8604958677686
58.0,,18.239927685950413,29.82791322314049
18.0,,16.481701677896684,18.51804201347602
18.0,,28.294170136823322,32.69300416418799
18.0,,13.21178491214163,14.594141894569956
18.0,,31.52249134948097,36.56698961937716
28.0,,18.587257617728532,23.344709141274237
18.0,,18.871888239207312,21.386265887048772
34.0,,29.12764003673095,37.37316804407714
18.0,,11.317338162064283,12.32080579447714
35.0,,25.003302946228036,32.65396353547364
29.0,,25.748260041821418,32.1679120501857
19.0,,11.814744801512287,13.147693761814745
20.0,,28.875440053795337,33.8505280645544
23.0,,14.558478703393543,17.36017444407225
33.0,,30.361482967478103,38.62377956097373
27.0,,30.203493029963145,37.054191635955775
48.0,,18.810756217649285,28.212907461179142
29.0,,16.895085066162572,21.54410207939509
39.0,,27.96492152508563,37.127905830102755
46.0,,19.44209636517329,28.51051563820795
54.0,,17.30685763888889,27.788229166666667
21.0,,12.897137464611511,14.906564957533812
27.0,,18.41253324083709,22.905039889004506
20.0,,20.72143997677457,24.06572797212948
43.0,,21.472488374270466,30.256986049124556
55.0,,38.51562499999999,53.46874999999999
25.0,,25.7,31.189999999999998
36.0,,18.116371978956526,24.61964637474783
53.0,,17.237625199593555,27.475150239512267
52.0,,25.165146272412706,36.75817552689525
43.0,,27.689069531136596,37.71688343736392
31.0,,29.723183391003467,37.397820069204165
28.0,,29.90839158607041,36.93006990328449
26.0,,26.091570175712366,31.889884210854838
38.0,,25.35,33.760000000000005
40.0,,35.042322705144514,45.85078724617342
45.0,,21.19309262166405,30.38171114599686
40.0,,15.294117647058826,22.15294117647059
49.0,,28.594874384547403,40.183849261456885
40.0,,23.950075898127846,32.54009107775342
51.0,,21.644444444444446,32.303333333333335
41.0,,26.237480040644506,35.514976048773406
43.0,,21.461936624163616,30.244323948996346
44.0,,14.254754128384361,21.82570495406123
30.0,,16.986473733878576,21.88376848065429
18.0,,26.262975778546718,30.255570934256063
47.0,,15.068996625346653,23.49279595041598
25.0,,28.33209069777641,34.34850883733169
18.0,,26.835937499999996,30.943124999999995
45.0,,20.18100145329634,29.16720174395561
47.0,,23.973188331452413,34.17782599774289
28.0,,15.35362168431977,19.464346021183722
18.0,,25.453436976070716,29.28412437128486
28.0,,20.72664359861592,25.911972318339103
41.0,,18.70748299319728,26.478979591836733
51.0,,20.94958067426242,31.469496809114908
34.0,,22.56616257088847,29.499395085066162
52.0,,14.684957985449275,24.181949582539133
18.0,,16.563007030827475,18.61560843699297
30.0,,18.314148965626355,23.476978758751628
35.0,,23.59861591695502,30.96833910034602
36.0,,30.513822654093012,39.49658718491162
56.0,,21.039767472585545,32.727720967102655
34.0,,14.172335600907031,19.426802721088436
56.0,,20.42040146446156,31.98448175735387
28.0,,18.878011293394366,23.693613552073238
18.0,,18.79376403752147,21.292516845025766
18.0,,41.02891156462586,47.97469387755103
45.0,,14.850206611570249,22.7702479338843
47.0,,12.856007236643732,20.837208683972477
49.0,,42.21917390641669,56.53300868770003
19.0,,31.804081632653062,37.134897959183675
42.0,,40.251701378201844,52.56204165384221
28.0,,18.544055741036438,23.292866889243726
18.0,,29.372397382510414,33.9868768590125
44.0,,26.370238143535232,36.364285772242276
24.0,,29.513354536438566,35.53602544372628
39.0,,15.34155328798186,21.97986394557823
18.0,,12.65,13.92
52.0,,13.679422728360864,22.975307274033035
56.0,,14.775,25.21
59.0,,26.740128558310378,40.25815426997245
29.0,,20.747550193111813,26.167060231734176
46.0,,19.100527449205707,28.100632939046847
27.0,,17.534626038781163,21.851551246537397
40.0,,27.546537171927387,36.855844606312864
35.0,,40.751020408163264,51.55122448979592
18.0,,19.428483083820765,22.054179700584918
46.0,,13.650941586031085,21.5611299032373
18.0,,21.872422819032593,24.986907382839114
47.0,,35.92814371257485,48.523772455089826
33.0,,25.55932915514163,32.861194986169956
30.0,,29.813412655489458,37.27609518658735
34.0,,18.833368944781906,25.020042733738286
30.0,,15.169233853453171,19.70308062414381
30.0,,11.438702851096684,15.226443421316018
22.0,,49.49702789208961,59.056433470507535
53.0,,17.975,28.360000000000007
44.0,,51.37777777777777,66.37333333333332
26.0,,24.960456772501058,30.53254812700127
52.0,,19.90356006976506,30.44427208371807
49.0,,16.4219651414792,25.57635816977504
26.0,,20.300679881260173,24.940815857512206
23.0,,22.0734126984127,26.378095238095234
26.0,,21.56552602137263,26.458631225647153
41.0,,26.654225323542537,36.01507038825104
59.0,,20.67289483651054,32.97747380381265
28.0,,12.209639510393455,15.691567412472144
48.0,,14.342572340349243,22.85108680841909
54.0,,23.969289348022844,35.783147217627416
26.0,,36.549187136584784,44.43902456390175
28.0,,32.90452111838192,40.525425342058305
52.0,,18.142938287279893,28.331525944735873
23.0,,29.25706771860618,34.99848126232742
26.0,,22.711167800453516,27.833401360544222
18.0,,14.791836734693877,16.490204081632655
21.0,,25.689561925365066,30.257474310438077
41.0,,14.00511186583103,20.836134238997232
30.0,,40.99861128645373,50.698333543744475
27.0,,21.0164054930001,26.029686591600118
28.0,,17.499558091967373,22.039469710360848
38.0,,18.497603858246087,25.537124629895303
59.0,,14.692378328741967,25.80085399449036
33.0,,14.15,19.17
27.0,,19.575177009579345,24.300212411495217
25.0,,12.74000724550175,15.638008694602098
29.0,,19.723183391003463,24.937820069204157
32.0,,11.197894795778394,15.397473754934074
49.0,,33.44960433152853,46.00952519783424
28.0,,13.888888888888888,17.706666666666663
18.0,,23.961417539147156,27.49370104697659
50.0,,13.541295468874209,22.349554562649047
27.0,,18.253737842938015,22.714485411525615
40.0,,17.25894069714803,24.51072883657764
59.0,,24.749539652320465,37.86944758278456
57.0,,15.241579027587255,25.999894833104705
18.0,,17.506389832288786,19.74766779874654
18.0,,12.781065088757398,14.077278106508876
26.0,,34.363355790583014,41.81602694869962
50.0,,37.53902662993573,51.14683195592287
48.0,,13.061224489795919,21.313469387755106
41.0,,26.1959426399187,35.46513116790244
23.0,,18.546938775510203,22.146326530612242
50.0,,34.39446366782008,47.37335640138409
18.0,,15.34832333004867,17.157987996058402
22.0,,29.90740740740741,35.54888888888889
26.0,,22.249134948096888,27.278961937716268
42.0,,13.520822065981614,20.484986479177934
37.0,,10.850694444444445,16.130833333333335
30.0,,29.205567525050448,36.54668103006053
33.0,,29.202050953372854,37.23246114404743
25.0,,14.413988657844989,17.646786389413982
38.0,,18.54671280276817,25.596055363321803
47.0,,25.148502066115704,35.58820247933885
35.0,,22.887500417655115,30.115000501186138
32.0,,37.78943499615757,47.30732199538908
27.0,,17.53469387755102,21.851632653061223
25.0,,19.566535797503906,23.829842957004686
38.0,,14.736993079708846,21.024391695650614
36.0,,29.43279762128797,38.19935714554557
35.0,,33.122089562690384,42.39650747522847
28.0,,22.987737645761634,28.625285174913962
27.0,,14.842173660271538,18.620608392325842
40.0,,13.21178491214163,19.654141894569953
24.0,,20.10352026080242,24.2442243129629
18.0,,23.1991107605149,26.57893291261788
59.0,,23.243408017070564,36.06208962048468
37.0,,17.051811272713245,23.57217352725589
18.0,,25.116219008264462,28.879462809917356
53.0,,18.296227899182657,28.74547347901919
44.0,,24.272214601432704,33.846657521719244
28.0,,19.351527593285834,24.261833111942998
30.0,,10.738543316599104,14.386251979918923
25.0,,22.987737645761634,27.935285174913965
53.0,,26.914062499999996,39.086875
25.0,,32.41219008264463,39.24462809917355
58.0,,38.82460973370065,54.529531680440776
18.0,,24.795705816375577,28.494846979650696
50.0,,20.416441319632234,30.599729583558677
18.0,,17.504930966469427,19.74591715976331
59.0,,39.514787618158955,55.58774514179075
21.0,,11.6,13.35
38.0,,28.702040816326534,37.78244897959184
40.0,,32.64425936942297,42.973111243307564
52.0,,17.104794276472685,27.085753131767227
20.0,,20.05433289582125,23.2651994749855
23.0,,12.85,15.309999999999997
34.0,,18.8,24.979999999999997
34.0,,23.717224748939287,30.880669698727147
23.0,,11.197894795778394,13.327473754934074
43.0,,28.521825396825403,38.716190476190484
18.0,,12.624668602449185,13.889602322939021
28.0,,43.82310527159109,53.62772632590931
57.0,,16.023073225444637,26.937687870533566
18.0,,12.345679012345679,13.554814814814813
44.0,,26.56286544822747,36.595438537872965
21.0,,26.42644959685197,31.141739516222366
44.0,,24.75667722951562,34.42801267541875
56.0,,17.59426652892562,28.59311983471074
33.0,,21.640624999999996,28.158749999999998
32.0,,36.609850912042376,45.89182109445085
34.0,,20.138408304498274,26.586089965397925
30.0,,19.87335873468381,25.34803048162057
20.0,,31.994047619047624,37.59285714285715
42.0,,30.733471074380166,41.140165289256196
26.0,,20.558646966914285,25.25037636029714
26.0,,26.97250120608745,32.947001447304935
28.0,,45.28888888888889,55.38666666666667
54.0,,16.171874999999996,26.426249999999996
18.0,,22.50347178386567,25.744166140638804
42.0,,15.616549486208765,22.99985938345052
24.0,,19.1107527844964,23.052903341395677
54.0,,15.412244897959184,25.514693877551018
53.0,,41.33483379501385,56.39180055401662
33.0,,12.484004868761899,17.170805842514277
52.0,,26.78689390936715,38.70427269124058
55.0,,36.365163349290334,50.8881960191484
28.0,,22.11833455076698,27.58200146092038
18.0,,25.039918710988534,28.78790245318624
19.0,,24.2239967924087,28.038796150890434
40.0,,30.311111111111114,40.17333333333334
49.0,,39.51974105160149,53.29368926192179
27.0,,24.16834777105336,29.81201732526403
50.0,,22.410269281795692,32.99232313815483
59.0,,21.339899456242946,33.77787934749154
26.0,,25.651927437641728,31.362312925170073
55.0,,28.106508875739642,40.97781065088757
48.0,,41.82483499196334,55.82980199035601
29.0,,20.686632578524467,26.093959094229362
52.0,,20.117187499999996,30.700624999999995
18.0,,22.028471123799235,25.17416534855908
36.0,,16.594088999974232,22.79290679996908
52.0,,21.29529475392104,32.11435370470525
29.0,,21.6119369558523,27.204324347022762
18.0,,14.51589490492089,16.159073885905066
30.0,,19.075,24.39
29.0,,21.975308641975307,27.64037037037037
55.0,,43.104865220249835,58.9758382642998
34.0,,43.6157033619548,54.75884403434576
31.0,,25.80226378352063,32.69271654022476
26.0,,23.73702422145329,29.064429065743944
33.0,,15.731336137614994,21.06760336513799
36.0,,26.024489795918367,34.10938775510204
33.0,,35.49387755102041,44.782653061224494
45.0,,19.821797520661157,28.736157024793386
21.0,,19.788955932397265,23.17674711887672
52.0,,22.78258518117902,33.89910221741483
29.0,,14.872099940511603,19.116519928613926
47.0,,18.426534209261334,27.521841051113604
34.0,,28.12144931195556,36.16573917434667
57.0,,23.796646836127643,36.265976203353176
24.0,,19.405718336483933,23.406862003780716
26.0,,28.780504884282767,35.11660586113933
54.0,,35.27863819522491,49.35436583426989
18.0,,35.608212809917354,41.46985537190083
54.0,,14.433477555435372,24.340173066522446
35.0,,38.764289387286894,49.16714726474428
37.0,,27.912334593572776,36.60480151228733
30.0,,20.90288866308608,26.583466395703297
31.0,,13.21178491214163,17.584141894569953
28.0,,14.110150204824762,17.972180245789716
53.0,,22.064160255479752,33.26699230657571
56.0,,22.981901752370007,35.05828210284401
44.0,,30.824489795918367,41.709387755102036
38.0,,20.97117202268431,28.505406427221175
34.0,,22.276873802510792,29.152248563012954
48.0,,19.79750837442132,29.397010049305585
48.0,,22.55369500519918,32.70443400623902
33.0,,23.281249999999996,30.127499999999998
46.0,,22.22222222222222,31.846666666666664
32.0,,31.144554928483974,39.33346591418077
36.0,,16.429971274396628,22.59596552927595
36.0,,29.939033241399333,38.8068398896792
57.0,,19.479434662033476,31.085321594440174
45.0,,16.199868507560815,24.38984220907298
44.0,,22.21453287197232,31.377439446366786
31.0,,15.826092149661081,20.721310579593293
50.0,,19.2797783933518,29.23573407202216
38.0,,21.99978298611111,29.739739583333332
49.0,,20.970985349037633,31.03518241884516
21.0,,24.42593090268446,28.741117083221354
28.0,,29.110408886335343,35.97249066360241
22.0,,34.72656249999999,41.331875
43.0,,29.91481882098432,40.387782585181185
46.0,,29.723183391003467,40.84782006920416
18.0,,16.331367788183602,18.337641345820323
43.0,,16.800226751526708,24.65027210183205
18.0,,30.31708551189071,35.12050261426885
44.0,,22.579772850189293,31.815727420227155
55.0,,16.02076124567474,26.47491349480969
36.0,,35.0784749143739,44.97416989724868
57.0,,26.59320477502296,39.62184573002755
41.0,,21.580537834620433,29.92664540154452
52.0,,14.693877551020408,24.19265306122449
18.0,,22.335692316880166,25.542830780256196
31.0,,21.392808375056898,27.40137005006828
34.0,,14.301394628099173,19.581673553719007
20.0,,38.0522922352755,44.862750682330606
47.0,,20.812804204365612,30.385365045238736
33.0,,16.573711482931845,22.078453779518213
47.0,,18.968051920111872,28.171662304134244
58.0,,38.378838898129736,53.99460667775568
47.0,,25.27878374986554,35.74454049983865
27.0,,12.913223140495868,16.305867768595043
51.0,,15.408044432500223,24.819653319000267
18.0,,32.94964597919385,38.279575175032626
20.0,,19.996455576559548,23.195746691871456
43.0,,18.24264613053907,26.381175356646885
45.0,,16.872086705367607,25.196504046441127
29.0,,17.400407424173835,22.1504889090086
18.0,,13.061224489795919,14.413469387755102
37.0,,28.202947845804992,36.953537414965986
26.0,,22.4,27.46
49.0,,25.436734693877554,36.39408163265307
23.0,,13.355102040816327,15.916122448979591
18.0,,21.928564588719716,25.054277506463656
23.0,,44.32699355734732,53.08239226881678
47.0,,20.93906604104823,30.536879249257872
20.0,,31.826616715101018,37.39194005812122
40.0,,17.076789563562052,24.292147476274465
18.0,,24.241544491217883,27.829853389461462
56.0,,16.43455113614444,27.201461363373326
56.0,,30.72664359861592,44.35197231833911
34.0,,30.933967876264134,39.540761451516964
38.0,,44.044444444444444,56.193333333333335
43.0,,26.920415224913498,36.794498269896195
18.0,,13.966398831263694,15.499678597516434
24.0,,12.075836251660427,14.611003501992512
35.0,,37.87721123829344,48.102653485952125
21.0,,28.504425947945567,33.63531113753468
26.0,,19.502475546431587,23.982970655717907
40.0,,17.16262975778547,24.395155709342568
23.0,,18.19236287048625,21.7208354445835
46.0,,23.866666666666667,33.82
55.0,,24.20282708744247,36.293392504930964
31.0,,31.805800352507607,39.89696042300913
26.0,,35.96779778393351,43.74135734072022
31.0,,26.7053324099723,33.776398891966764
27.0,,23.044982698961938,28.463979238754327
45.0,,31.397684310018903,42.627221172022686
23.0,,29.322224002563686,35.07666880307642
48.0,,21.1025238497766,30.963028619731922
30.0,,26.613695587167328,33.43643470460079
48.0,,34.54734651404786,47.09681581685743
35.0,,28.033908387864372,36.29069006543725
30.0,,29.034735349716446,36.34168241965973
38.0,,17.079889807162537,23.835867768595044
44.0,,22.62626262626263,31.871515151515162
31.0,,18.699780861943022,24.169737034331625
18.0,,20.692552781765347,23.571063338118414
24.0,,17.617187499999996,21.260624999999997
18.0,,17.39654195011338,19.615850340136056
33.0,,28.40054796351365,36.270657556216385
21.0,,24.04320987654321,28.281851851851847
20.0,,17.31301939058172,19.975623268698065
59.0,,16.06368102119115,27.44641722542938
51.0,,21.194420504963453,31.763304605956144
50.0,,10.0,18.1
42.0,,36.207610372991084,47.709132447589305
45.0,,15.608740894901143,23.68048907388137
22.0,,25.191326530612248,29.889591836734695
47.0,,20.22892819979188,29.68471383975026
34.0,,25.792986163003427,33.37158339560411
51.0,,18.151703623580318,28.112044348296386
27.0,,29.940119760479043,36.73814371257485
18.0,,17.307438234905536,19.50892588188664
48.0,,34.52798888931754,47.07358666718105
25.0,,21.638905413444384,26.316686496133258
51.0,,41.617122473246134,56.27054696789536
58.0,,21.87166590458771,34.18599908550525
32.0,,20.68747280566433,26.784967366797197
55.0,,38.27977315689981,53.18572778827977
33.0,,22.314814814814813,28.967777777777776
28.0,,26.680541103017685,33.05664932362122
34.0,,27.7627471383975,35.735296566077004
35.0,,12.17990451388889,17.26588541666667
36.0,,31.51150169811982,40.69380203774379
27.0,,25.083935950413224,30.910723140495868
18.0,,33.41240936883958,38.8348912426075
52.0,,36.097645429362885,49.87717451523546
32.0,,13.885156319985665,18.622187583982793
37.0,,25.59651559146572,33.82581870975886
23.0,,17.098765432098762,20.408518518518513
23.0,,12.345679012345679,14.704814814814812
25.0,,21.790728931339185,26.498874717607023
52.0,,27.591836734693878,39.670204081632654
59.0,,10.0,20.17
42.0,,20.926643833038504,29.371972599646206
29.0,,22.219538703055182,27.93344644366622
29.0,,14.22132639063856,18.33559166876627
27.0,,20.512675418741512,25.42521050248981
41.0,,22.064035916824196,30.506843100189037
21.0,,33.05206400336123,39.092476804033474
52.0,,16.443135348451484,26.29176241814178
32.0,,14.770493698693489,19.684592438432183
30.0,,31.091348342144887,38.809618010573864
23.0,,16.60143921222068,19.811727054664814
18.0,,18.991940811203595,21.530328973444313
52.0,,16.565656565656568,26.438787878787878
45.0,,31.504356985540554,42.75522838264867
51.0,,19.883853048857468,30.190623658628958
34.0,,41.17814110105886,51.83376932127064
18.0,,32.588184061547395,37.84582087385687
42.0,,17.874753451676526,25.70970414201183
28.0,,39.542857142857144,48.49142857142857
18.0,,11.575,12.63
35.0,,13.679422728360864,19.06530727403304
56.0,,20.036827814362848,31.52419337723542
32.0,,34.06225300161843,42.83470360194212
42.0,,12.209639510393455,18.911567412472145
54.0,,29.83234714003944,42.81881656804733
18.0,,16.023073225444637,17.967687870533567
34.0,,28.3108193409923,36.39298320919076
21.0,,21.928374655647385,25.74404958677686
18.0,,12.679628064243447,13.955553677092135
18.0,,14.475,16.11
18.0,,12.345679012345679,13.554814814814813
18.0,,20.275100803568872,23.070120964282644
26.0,,17.187499999999996,21.205
31.0,,15.314285714285713,20.107142857142854
49.0,,14.824755781654755,23.65970693798571
38.0,,20.830817534114235,28.336981040937083
18.0,,14.775,16.47
18.0,,25.51212338839301,29.354548066071615
35.0,,41.04058272632673,51.898699271592086
29.0,,22.529994984761387,28.305993981713662
35.0,,23.228839168523546,30.524607002228258
38.0,,34.003483814777184,44.14418057773262
42.0,,22.15,30.839999999999996
18.0,,15.92773468671199,17.85328162405439
42.0,,39.02343749999999,51.088125
26.0,,18.495139502588057,22.774167403105665
36.0,,22.993110078513055,30.471732094215668
47.0,,16.44950583085394,25.149406997024727
30.0,,16.134661333190152,20.861593599828183
23.0,,22.0,26.29
39.0,,20.643413925221296,28.342096710265558
38.0,,17.35,24.160000000000004
20.0,,22.628571428571426,26.35428571428571
18.0,,16.980888429752067,19.117066115702478
39.0,,22.698961937716263,30.808754325259514
22.0,,27.56403679764714,32.73684415717657
57.0,,10.875,20.759999999999998
25.0,,25.12110726643599,30.495328719723183
18.0,,28.247675619834713,32.63721074380165
50.0,,14.938236139040503,24.025883366848603
18.0,,14.331769287241851,15.938123144690222
18.0,,21.85287780855648,24.96345337026778
36.0,,23.08402585410896,30.580831024930752
24.0,,20.904195011337873,25.20503401360545
21.0,,30.45565170362358,35.9767820443483
18.0,,15.738775510204082,17.6265306122449
18.0,,25.502040816326527,29.34244897959183
31.0,,20.12601152617277,25.881213831407322
27.0,,18.121301775147927,22.555562130177513
26.0,,22.758306781975424,27.889968138370513
33.0,,27.757487216946675,35.49898466033601
30.0,,21.080836776859503,26.797004132231407
59.0,,13.520822065981614,24.394986479177938
46.0,,27.38142423041353,38.037709076496235
18.0,,16.986473733878576,19.12376848065429
49.0,,17.570341746165923,26.954410095399112
37.0,,30.96458900817176,40.26750680980611
22.0,,23.66524436157625,28.058293233891497
29.0,,21.758780991735538,27.38053719008265
31.0,,21.522491349480973,27.55698961937717
27.0,,19.913795983828393,24.706555180594073
35.0,,13.520822065981614,18.874986479177934
24.0,,13.799325069330749,16.6791900831969
48.0,,32.4100370877744,44.532044505329274
59.0,,16.723356009070297,28.23802721088436
49.0,,18.320277144908086,27.854332573889707
33.0,,16.929062846247007,22.504875415496407
31.0,,26.48962874884397,33.51755449861277
40.0,,14.825,21.590000000000003
57.0,,33.04890738813736,47.36868886576483
55.0,,21.55,33.11
28.0,,18.507537217939515,23.24904466152742
23.0,,11.438702851096684,13.616443421316019
30.0,,15.05513944822914,19.566167337874965
25.0,,21.245674740484432,25.844809688581314
46.0,,20.457096214671974,29.72851545760637
24.0,,34.33509509663978,41.32211411596774
28.0,,18.513198633853616,23.255838360624338
27.0,,14.528110523286095,18.243732627943317
23.0,,13.88888888888889,16.556666666666665
26.0,,14.376731301939058,17.832077562326866
27.0,,19.48096885813149,24.187162629757786
59.0,,46.264257336921695,63.68710880430604
22.0,,21.8247306248283,25.849676749793964
18.0,,26.405954631379963,30.427145557655955
32.0,,34.255983350676374,43.06718002081165
35.0,,40.68982965086861,51.477795581042336
44.0,,10.964611715687619,17.87753405882514
43.0,,28.977777777777778,39.263333333333335
18.0,,20.538027739673826,23.38563328760859
37.0,,15.95689296126614,22.25827155351937
37.0,,34.888888888888886,44.97666666666666
41.0,,12.624668602449185,19.17960232293902
18.0,,16.293877551020408,18.29265306122449
46.0,,24.76615646258504,34.89938775510205
24.0,,25.03605191475725,30.163262297708698
22.0,,14.342572340349243,16.871086808419093
53.0,,16.385980883022306,26.453177059626768
43.0,,23.695240670632774,32.924288804759335
18.0,,13.84083044982699,15.348996539792386
59.0,,28.749999999999993,42.669999999999995
18.0,,14.692378328741967,16.37085399449036
43.0,,26.99286139202856,36.88143367043427
36.0,,26.739110527761667,34.966932633314
26.0,,29.30704644489319,35.74845573387183
40.0,,13.364963747535834,19.837956497043002
18.0,,47.17268709038255,55.347224508459064
59.0,,11.814744801512287,22.347693761814746
38.0,,14.158202523853495,20.329843028624197
33.0,,19.53125,25.627499999999998
45.0,,14.00511186583103,21.756134238997234
44.0,,18.05683800143634,26.388205601723605
39.0,,20.423666910153397,28.078400292184078
25.0,,16.464359504132233,20.107231404958675
50.0,,25.383076121816835,36.5596913461802
21.0,,22.512708787218592,26.445250544662315
20.0,,12.624668602449185,14.349602322939022
50.0,,10.850694444444445,19.120833333333337
52.0,,32.3167596218504,45.340111546220484
41.0,,17.691750114097026,25.260100136916428
22.0,,15.56133997283839,18.333607967406067
31.0,,23.49480968858132,29.923771626297587
32.0,,33.59374999999999,42.272499999999994
29.0,,18.09549404282003,22.984592851384036
34.0,,16.73610867966808,22.503330415601695
19.0,,25.343930543585817,29.38271665230298
33.0,,21.092482422931315,27.500978907517577
47.0,,21.29057302397802,30.958687628773625
37.0,,42.68135904499542,54.3276308539945
50.0,,17.03244711699887,26.538936540398645
53.0,,17.642974371922737,27.961569246307285
29.0,,26.65477606024574,33.25573127229489
46.0,,19.52240832956089,28.606889995473068
34.0,,18.67283950617284,24.827407407407406
51.0,,27.24649162516976,39.02578995020371
47.0,,17.77777777777778,26.743333333333332
52.0,,30.774099125825714,43.48891895099086
25.0,,26.388888888888886,32.01666666666666
30.0,,21.0355482038638,26.74265784463656
36.0,,25.76571345623458,33.798856147481494
24.0,,12.625,15.269999999999998
21.0,,18.21368693796677,21.286424325560127
41.0,,13.21178491214163,19.884141894569957
51.0,,13.85557379118798,22.95668854942558
47.0,,16.86283386147578,25.64540063377094
22.0,,15.377867931251885,18.11344151750226
18.0,,15.168192434696234,16.94183092163548
39.0,,36.22749307479224,47.04299168975069
34.0,,26.429215810752112,34.135058972902534
46.0,,14.610013141281662,22.712015769538
43.0,,14.376850523488294,21.742220628185954
51.0,,19.021183345507666,29.1554200146092
55.0,,21.471088435374153,33.01530612244898
42.0,,41.50230111768573,54.062761341222874
31.0,,21.435950413223143,27.45314049586777
49.0,,24.275,35.0
44.0,,28.76808446657088,39.24170135988506
37.0,,18.526701174094182,25.34204140891302
37.0,,22.823358435724664,30.4980301228696
46.0,,24.3910588392529,34.44927060710348
53.0,,29.91111111111111,42.68333333333333
47.0,,21.22700706371688,30.882408476460256
46.0,,40.901473957798984,54.26176874935878
53.0,,28.045236511326635,40.44428381359196
42.0,,21.707988980716255,30.30958677685951
36.0,,17.43673469387755,23.80408163265306
18.0,,39.61704854991187,46.280458259894246
41.0,,34.24803882665364,45.127646591984366
30.0,,33.947007918741015,42.23640950248922
19.0,,21.82615047479912,25.161380569758947
22.0,,19.771071800208116,23.38528616024974
22.0,,23.14156084727107,27.42987301672528
51.0,,28.89700511322133,41.006406135865596
27.0,,12.65,15.99
56.0,,17.025,27.909999999999997
22.0,,15.826092149661081,18.6513105795933
28.0,,20.97505668934241,26.210068027210895
35.0,,10.0,14.65
48.0,,22.6,32.760000000000005
25.0,,28.077835070947344,34.04340208513681
35.0,,18.56255780155899,24.92506936187079
18.0,,22.8625344752504,26.175041370300477
50.0,,22.97427846878396,33.66913416254075
52.0,,27.366863905325438,39.40023668639053
32.0,,13.70599301263101,18.40719161515721
31.0,,34.175863296546815,42.741035955856184
30.0,,14.738650702032269,19.186380842438723
21.0,,31.55709342560554,37.29851211072665
46.0,,14.857048874756725,23.008458649708068
22.0,,19.406939257556893,22.948327109068273
30.0,,16.780809638208613,21.636971565850338
31.0,,19.267745553597177,24.85129466431661
36.0,,21.79699857258593,29.03639828710312
55.0,,31.011431509829517,44.46371781179542
44.0,,24.1358024691358,33.68296296296296
34.0,,22.156529009525514,29.00783481143062
57.0,,22.090729783037478,34.21887573964498
47.0,,24.175086230579044,34.420103476694855
20.0,,39.69754253308128,46.83705103969754
30.0,,16.18095797989978,20.91714957587974
37.0,,31.574726853553408,40.99967222426409
54.0,,24.532871972318343,36.45944636678201
54.0,,16.055675956167395,26.286811147400876
31.0,,22.32358229902197,28.51829875882637
22.0,,28.47633136094674,33.83159763313609
18.0,,31.907253513901715,37.02870421668206
24.0,,27.532906653785773,33.15948798454293
25.0,,16.43655489809336,20.07386587771203
45.0,,24.450189919882533,34.29022790385904
25.0,,20.653055705786915,25.133666846944294
31.0,,14.773663807576082,19.4583965690913
28.0,,29.64487120865721,36.61384545038865
48.0,,40.06147883323867,53.7137745998864
39.0,,26.216410224399986,35.029692269279984
34.0,,24.90740740740741,32.308888888888895
24.0,,36.788698052995805,44.26643766359497
51.0,,29.892920880428324,42.20150505651399
42.0,,16.865548204158788,24.498657844990547
23.0,,17.11747397012223,20.430968764146677
18.0,,24.873109264917552,28.587731117901065
23.0,,22.460034350640772,26.842041220768927
18.0,,12.075836251660427,13.23100350199251
50.0,,10.475,18.67
18.0,,24.544606272059717,28.193527526471662
32.0,,15.43150341422013,20.47780409706415
46.0,,14.769923065757006,22.90390767890841
18.0,,18.6159169550173,21.07910034602076
46.0,,16.302378939741576,24.742854727689895
24.0,,26.425,31.830000000000005
31.0,,32.066115702479344,40.209338842975214
30.0,,18.62732438016529,23.85278925619835
24.0,,18.175,21.93
29.0,,22.787715909409034,28.615259091290838
39.0,,27.683883180097354,36.79065981611682
48.0,,20.31771792390999,30.021261508691985
28.0,,27.50618686356444,34.04742423627733
25.0,,21.95131360672813,26.691576328073758
53.0,,21.484374999999996,32.57125
50.0,,24.950302243498722,36.040362692198464
27.0,,17.972621147224324,22.37714537666919
38.0,,19.368197772783514,26.581837327340217
54.0,,23.57093594060611,35.30512312872733
33.0,,22.176497485139457,28.801796982167353
46.0,,20.995275110501446,30.374330132601735
32.0,,14.182825484764544,18.979390581717453
43.0,,10.519395134779751,17.113274161735703
42.0,,19.351531462258105,27.481837754709723
22.0,,17.465134297520663,20.618161157024794
24.0,,16.46090534979424,19.873086419753086
27.0,,12.345679012345679,15.624814814814814
41.0,,20.195092211553114,28.26411065386373
18.0,,29.940119760479043,34.66814371257485
51.0,,14.65,23.909999999999997
18.0,,11.0803324099723,12.03639889196676
44.0,,26.08024250050044,36.016291000600525
31.0,,23.12909617436366,29.484915409236393
36.0,,27.644444444444446,36.053333333333335
23.0,,18.543402311206663,22.142082773447996
24.0,,30.102118579484827,36.242542295381796
38.0,,21.45087235996327,29.081046831955923
31.0,,26.228373702422147,33.204048442906576
55.0,,17.403549792751623,28.134259751301947
52.0,,30.864197530864192,43.59703703703703
24.0,,24.958648393194707,30.07037807183365
18.0,,15.902040816326531,17.82244897959184
30.0,,29.84721471065441,37.31665765278529
56.0,,33.28124999999999,47.4175
40.0,,35.34620409348237,46.215444912178846
33.0,,21.187420511041736,27.614904613250083
33.0,,15.002171806608974,20.19260616793077
39.0,,20.484935535720393,28.15192264286447
40.0,,11.908637152777779,18.090364583333333
20.0,,17.31301939058172,19.975623268698065
26.0,,16.640993914295095,20.549192697154112
21.0,,21.96510560146924,25.788126721763092
36.0,,28.197125852808828,36.71655102337059
30.0,,19.662293721472118,25.09475246576654
18.0,,16.433670434265323,18.460404521118384
22.0,,18.612125639152666,21.994550766983203
45.0,,22.643080124869925,32.12169614984391
18.0,,32.34131113423517,37.5495733610822
18.0,,19.024970273483948,21.56996432818074
20.0,,24.97027348394768,29.164328180737215
47.0,,25.254017013232513,35.71482041587902
25.0,,24.682567936394918,29.9690815236739
31.0,,18.955498866213155,24.476598639455787
47.0,,23.789397415771038,33.957276898925244
20.0,,10.306887577623748,11.568265093148495
56.0,,18.689214690085645,29.907057628102777
24.0,,26.720834984806448,32.18500198176774
29.0,,30.222505668934243,37.537006802721095
18.0,,15.971131678305321,17.905358013966385
36.0,,37.06358576488447,47.35630291786137
49.0,,15.447845804988665,24.407414965986398
40.0,,21.757812499999996,29.909374999999997
20.0,,21.018616488890157,24.42233978666819
31.0,,19.357208448117543,24.958650137741053
47.0,,30.13840830449827,41.57608996539793
48.0,,15.872576177285318,24.687091412742383
44.0,,28.49897355391861,38.91876826470233
46.0,,12.054014872882494,19.644817847458995
55.0,,20.44523715153917,31.784284581847004
24.0,,28.858131487889278,34.74975778546714
18.0,,24.69281663516068,28.37137996219281
18.0,,29.855340104647585,34.566408125577105
18.0,,16.427798810167662,18.453358572201196
18.0,,20.175,22.950000000000003
33.0,,21.408296569884754,27.879955883861705
19.0,,14.670354679458004,16.574425615349604
58.0,,14.059546313799622,24.811455576559545
18.0,,41.93569214876033,49.0628305785124
58.0,,25.664367494135362,38.737240992962434
47.0,,13.857940844296571,22.039529013155885
47.0,,18.58585858585859,27.71303030303031
56.0,,14.6484375,25.058125000000004
34.0,,24.424471248621735,31.729365498346084
36.0,,14.094180178566095,19.793016214279312
29.0,,24.87861793819865,31.124341525838382
18.0,,18.621386188612547,21.085663426335053
33.0,,27.228581338883107,34.86429760665973
38.0,,11.562030292519365,17.214436351023238
18.0,,31.440898799606988,36.469078559528384
50.0,,19.55070167496605,29.56084200995926
31.0,,19.65714285714286,25.31857142857143
40.0,,21.563184806428048,29.675821767713657
18.0,,21.50283553875236,24.543402646502834
33.0,,15.05513944822914,20.256167337874963
33.0,,33.666846944294214,42.59021633315306
55.0,,20.79028925619835,32.19834710743802
50.0,,20.22302699989243,30.36763239987092
21.0,,15.102409034715494,17.552890841658595
33.0,,15.175,20.4
42.0,,15.493120591975948,22.851744710371136
35.0,,20.068037826534752,26.731645391841703
18.0,,34.209025919915796,39.79083110389895
46.0,,15.493827160493828,23.772592592592595
29.0,,21.719250114311837,27.333100137174206
50.0,,31.410233425364837,43.7922801104378
20.0,,30.110990511536716,35.33318861384406
28.0,,13.666203762151243,17.43944451458149
18.0,,20.799141522535034,23.698969827042042
18.0,,26.753212578395683,30.84385509407482
22.0,,23.99945916711736,28.459351000540835
42.0,,18.49819214876033,26.4578305785124
26.0,,33.730158730158735,41.05619047619049
38.0,,24.52036524058685,32.76443828870422
49.0,,24.96733923646393,35.83080708375672
43.0,,22.759183673469387,31.80102040816326
34.0,,38.258477096966104,48.330172516359326
23.0,,40.22222222222222,48.156666666666666
29.0,,13.520822065981614,17.49498647917794
31.0,,30.825398020249168,38.720477624299
38.0,,38.90624999999999,50.027499999999996
18.0,,22.2079502433748,25.38954029204976
41.0,,31.100304833793007,41.35036580055161
29.0,,20.478266613819528,25.843919936583433
45.0,,17.725,26.22
49.0,,24.64099895941727,35.43919875130073
29.0,,25.833333333333332,32.269999999999996
55.0,,23.286011080332408,35.19321329639889
18.0,,24.71331107562781,28.395973290753375
41.0,,37.68510882426763,49.25213058912116
51.0,,22.131054988896835,32.887265986676205
20.0,,16.327160493827158,18.79259259259259
43.0,,14.863598500624741,22.32631820074969
23.0,,21.172839506172835,25.2974074074074
39.0,,24.322512687924924,32.75701522550991
47.0,,27.31933984938311,38.19320781925973
18.0,,14.872099940511603,16.586519928613924
28.0,,33.4293480465739,41.15521765588868
29.0,,16.19377162629758,20.702525951557092
21.0,,21.271502342601146,24.955802811121373
33.0,,21.34067952249771,27.79881542699725
45.0,,15.290858725761774,23.299030470914133
18.0,,22.93337068029831,26.26004481635797
22.0,,18.97953258818406,22.435439105820876
37.0,,14.51589490492089,20.52907388590507
28.0,,31.873054957080814,39.28766594849697
18.0,,18.009288649804535,20.35114637976544
52.0,,19.685180537129334,30.182216644555204
18.0,,17.930166719094053,20.25620006291286
57.0,,33.61718135494682,48.050617625936184
40.0,,19.368489583333336,27.042187500000004
33.0,,29.883031565454246,38.0496378785451
51.0,,11.775,20.46
46.0,,21.866666666666667,31.42
36.0,,22.14851566568899,29.458218798826785
51.0,,20.2,30.57
59.0,,33.47656249999999,48.341874999999995
18.0,,15.727245687091019,17.61269482450922
23.0,,11.617815850620085,13.8313790207441
22.0,,32.92968749999999,39.175625
34.0,,29.902743504137035,38.30329220496444
32.0,,11.013454861111112,15.176145833333335
46.0,,14.65,22.759999999999998
20.0,,12.209639510393455,13.851567412472145
36.0,,27.632433911288945,36.038920693546736
54.0,,22.125,33.57
52.0,,29.515773257238894,41.97892790868667
47.0,,20.70534026465028,30.256408317580338
35.0,,16.859888512704764,22.881866215245715
40.0,,21.565755208333332,29.678906249999997
