Age,Gender,Weight (kg),Height (m),Fat_Percentage,BMI
34.0,Female,86.7,1.86,12.8,14.31
26.0,Female,84.7,1.83,27.9,33.49
22.0,Male,64.8,1.85,28.7,12.73
54.0,Female,75.3,1.82,31.8,20.37
34.0,Female,52.8,1.74,26.4,20.83
38.0,Female,53.0,1.58,23.4,13.02
44.0,Female,46.5,1.81,11.9,18.12
50.0,Female,88.5,1.63,11.6,19.16
18.0,Female,82.9,1.54,27.8,49.84
34.0,Female,65.9,1.74,30.5,12.32
39.0,Female,47.0,1.78,31.7,28.39
46.0,Male,40.0,1.88,25.4,12.32
19.0,Male,87.7,1.98,14.1,15.99
56.0,Female,107.4,1.73,26.0,14.48
19.0,Female,71.7,1.91,32.5,19.09
30.0,Female,90.6,1.6,16.0,13.91
23.0,Male,56.2,1.76,23.9,22.61
39.0,Female,71.3,1.77,21.9,14.31
54.0,Female,47.7,1.56,26.5,23.64
26.0,Male,129.9,1.71,26.6,21.04
22.0,Female,102.4,1.5,17.5,18.23
36.0,Female,64.2,1.78,31.9,25.59
18.0,Male,129.4,1.5,22.0,18.07
25.0,Male,57.2,1.82,26.9,15.23
59.0,Male,71.8,1.5,28.9,16.87
18.0,Male,112.4,1.71,33.5,24.43
18.0,Male,40.0,1.72,26.4,17.79
25.0,Female,64.3,1.65,20.0,20.59
32.0,Male,72.4,1.74,16.9,17.68
28.0,Male,62.4,1.56,32.2,18.61
27.0,Female,78.6,1.65,26.8,17.92
44.0,Female,45.0,1.53,21.9,27.74
20.0,Female,103.4,1.53,23.0,19.18
51.0,Male,79.2,1.85,23.2,18.95
52.0,Female,40.0,1.84,25.0,12.32
35.0,Male,75.7,1.61,21.2,23.19
21.0,Male,76.8,1.75,25.1,16.66
48.0,Female,112.6,1.69,22.6,12.32
18.0,Male,73.7,1.78,27.4,21.08
18.0,Female,84.0,1.71,28.3,17.99
28.0,Male,68.0,1.7,17.0,21.67
23.0,Male,107.6,1.5,10.0,23.77
30.0,Female,54.3,1.82,25.4,26.4
18.0,Female,42.8,1.89,22.5,18.54
49.0,Female,102.4,1.65,34.8,15.52
42.0,Female,95.5,1.95,26.1,12.32
27.0,Female,58.7,1.98,23.0,18.99
35.0,Female,49.7,1.86,15.2,12.32
24.0,Female,86.5,1.65,27.3,12.9
44.0,Female,63.6,1.78,10.7,15.73
52.0,Male,58.7,1.58,28.5,19.62
49.0,Female,56.6,1.75,23.6,34.37
36.0,Female,40.0,1.71,27.5,39.74
23.0,Female,67.7,1.73,18.0,16.07
56.0,Female,40.0,1.74,26.0,19.63
24.0,Male,68.3,1.74,27.5,16.26
22.0,Female,99.1,1.72,31.4,16.91
20.0,Female,72.9,1.63,27.1,19.83
44.0,Female,40.0,1.68,28.1,12.32
33.0,Female,58.3,1.77,29.5,20.47
18.0,Male,40.0,1.64,25.6,18.78
59.0,Male,45.8,1.5,24.0,26.25
27.0,Male,52.3,1.75,15.0,23.23
33.0,Female,76.3,1.95,21.7,26.08
47.0,Male,77.5,1.72,13.3,24.32
46.0,Female,40.0,1.58,31.1,12.73
27.0,Male,96.3,1.61,32.1,12.32
34.0,Female,49.6,1.52,22.2,20.97
45.0,Male,86.4,1.51,35.0,16.06
55.0,Female,68.4,1.85,29.2,22.87
18.0,Female,56.9,1.77,20.7,18.57
41.0,Female,51.1,1.94,16.4,16.41
24.0,Male,47.6,1.51,22.6,13.71
26.0,Female,88.8,1.7,18.1,30.34
29.0,Male,96.7,1.7,32.9,13.16
43.0,Male,112.0,1.71,31.2,21.1
48.0,Male,75.2,1.72,30.9,18.64
29.0,Female,72.0,1.66,10.0,17.55
57.0,Female,63.6,1.87,23.7,12.32
22.0,Female,75.7,1.56,28.8,13.93
20.0,Male,59.1,1.62,26.2,12.46
39.0,Female,41.3,1.76,24.3,15.36
41.0,Male,40.0,1.77,11.6,22.98
41.0,Female,63.7,1.93,21.2,15.76
20.0,Male,45.0,1.68,10.0,12.32
26.0,Male,47.1,1.61,19.3,29.91
37.0,Female,72.1,1.83,34.4,16.92
59.0,Male,57.5,1.81,24.7,12.32
22.0,Male,54.3,1.85,26.6,20.04
25.0,Male,63.9,1.67,24.8,24.51
32.0,Male,56.6,2.0,14.7,17.83
37.0,Female,68.9,1.65,23.0,20.71
29.0,Female,95.3,1.72,29.2,20.06
30.0,Female,96.3,2.0,20.4,25.83
28.0,Male,84.4,1.74,22.0,34.01
33.0,Male,60.5,1.54,29.1,21.23
32.0,Male,47.2,1.81,30.5,31.5
49.0,Male,45.0,1.84,26.5,17.11
53.0,Male,87.7,1.84,24.7,25.16
54.0,Female,46.1,1.85,25.7,20.62
18.0,Female,69.8,1.82,31.4,34.21
18.0,Male,79.2,1.77,12.9,19.07
29.0,Male,60.6,1.76,30.2,23.73
22.0,Female,53.3,1.73,22.8,13.13
20.0,Male,95.7,1.85,23.8,15.47
47.0,Male,87.3,1.9,23.7,20.1
18.0,Male,79.2,1.66,18.1,14.27
18.0,Male,73.8,1.75,17.7,17.79
33.0,Female,66.3,1.76,25.4,20.67
27.0,Male,72.8,1.82,11.4,22.59
38.0,Male,50.0,1.75,23.4,49.84
29.0,Female,93.5,1.85,23.2,19.83
54.0,Male,84.0,1.94,30.7,16.61
37.0,Female,55.3,1.73,31.3,16.26
21.0,Male,66.6,1.85,13.9,12.32
26.0,Female,59.8,1.6,16.4,12.63
42.0,Female,80.3,1.94,24.6,33.99
31.0,Female,129.9,1.7,10.0,16.07
50.0,Female,40.0,1.75,31.7,28.18
51.0,Female,91.7,1.72,10.0,14.15
18.0,Male,64.8,1.82,21.9,17.69
54.0,Male,60.1,1.63,18.4,20.56
37.0,Male,46.3,1.69,20.7,19.11
21.0,Male,66.9,1.69,16.6,33.07
19.0,Female,40.0,1.93,24.7,12.32
36.0,Female,50.1,1.85,30.7,25.82
23.0,Male,71.3,1.77,35.0,18.17
39.0,Female,66.8,1.61,28.0,17.16
45.0,Male,53.9,1.68,19.2,20.62
33.0,Female,97.1,1.86,11.0,16.27
27.0,Female,40.0,1.57,28.4,21.11
37.0,Male,62.1,1.85,26.7,20.37
28.0,Male,60.7,1.73,24.8,20.21
18.0,Male,46.9,1.84,21.8,13.0
18.0,Female,90.8,1.66,10.0,22.03
24.0,Female,44.0,1.79,26.3,14.27
27.0,Female,75.1,1.86,27.0,14.22
23.0,Female,74.2,1.71,34.5,12.32
23.0,Female,58.2,1.85,25.7,35.08
23.0,Female,78.7,1.68,21.1,20.39
43.0,Male,74.2,1.76,21.2,20.52
18.0,Male,56.1,2.0,27.4,12.32
45.0,Female,42.1,1.86,22.1,33.0
18.0,Male,40.0,1.73,29.9,18.62
18.0,Male,40.0,1.85,32.7,21.16
22.0,Female,40.0,1.75,27.0,12.82
28.0,Female,107.7,1.99,10.0,17.86
18.0,Female,40.0,1.8,10.0,20.06
57.0,Female,70.0,1.81,26.6,12.32
55.0,Female,63.2,1.59,19.0,17.45
50.0,Male,69.6,1.71,27.2,20.42
32.0,Male,57.0,1.76,30.9,16.01
20.0,Female,75.8,1.87,23.5,12.32
18.0,Male,54.7,1.6,22.7,15.86
30.0,Male,62.2,1.69,30.3,25.59
18.0,Male,97.5,2.0,24.8,42.88
31.0,Female,51.0,1.56,28.6,25.42
18.0,Male,50.6,1.89,28.5,27.87
31.0,Female,71.0,1.81,29.6,14.52
28.0,Female,70.0,1.74,28.4,21.91
23.0,Male,57.8,1.87,28.7,13.33
48.0,Male,67.3,1.61,20.5,18.23
52.0,Female,73.5,1.78,21.1,18.08
18.0,Male,94.7,1.52,16.7,22.4
47.0,Male,40.0,1.89,26.7,26.2
54.0,Female,63.5,1.51,28.3,17.05
22.0,Female,60.1,1.71,10.3,26.74
43.0,Male,70.4,1.62,29.1,17.91
31.0,Male,40.0,1.77,15.3,14.09
48.0,Male,55.5,1.5,27.3,32.42
23.0,Female,95.6,1.5,25.2,13.38
43.0,Male,102.5,1.79,19.7,17.07
50.0,Male,56.6,1.96,24.8,20.69
30.0,Male,40.0,1.67,18.2,12.32
25.0,Female,74.9,1.66,28.7,15.98
19.0,Female,82.8,1.79,10.0,21.95
41.0,Female,73.3,1.71,30.1,25.83
53.0,Male,55.3,1.98,14.7,20.9
35.0,Male,95.9,1.69,27.5,24.01
33.0,Male,89.6,1.62,23.9,25.68
21.0,Male,86.3,1.86,27.1,12.93
33.0,Male,42.7,1.82,26.3,42.84
33.0,Female,103.3,1.72,22.6,12.42
33.0,Male,76.8,1.72,31.8,25.47
23.0,Female,69.1,1.63,21.4,31.27
30.0,Male,75.6,1.82,32.4,15.35
18.0,Female,42.0,1.74,26.6,19.62
56.0,Male,62.9,1.5,23.2,32.25
22.0,Female,53.5,1.76,13.1,17.16
21.0,Female,90.7,1.75,28.0,12.66
21.0,Male,74.7,1.59,15.2,21.53
50.0,Male,82.6,1.71,22.4,12.32
27.0,Male,40.0,1.76,21.9,12.32
27.0,Female,70.1,1.58,28.1,24.04
29.0,Female,40.2,1.7,13.2,18.63
19.0,Female,76.4,1.79,33.3,14.21
39.0,Male,78.5,1.59,26.0,16.24
26.0,Male,61.0,1.97,21.8,24.27
20.0,Female,82.6,1.6,22.9,15.06
34.0,Male,91.2,1.5,24.0,24.8
18.0,Male,64.2,1.61,25.9,12.83
23.0,Male,46.7,1.65,15.8,19.8
28.0,Female,74.2,1.5,17.3,24.11
18.0,Female,64.0,1.51,26.7,14.98
32.0,Male,52.8,1.61,24.2,18.1
47.0,Male,40.0,1.73,22.8,26.91
26.0,Female,85.8,1.87,24.3,18.34
19.0,Male,40.0,1.59,27.1,13.85
39.0,Male,70.7,1.58,21.9,21.17
19.0,Female,66.7,1.73,24.9,19.24
39.0,Female,72.1,1.52,28.2,20.85
53.0,Male,80.5,1.64,26.3,12.32
41.0,Male,77.0,1.5,27.5,26.26
23.0,Male,117.8,1.88,32.3,14.24
31.0,Female,76.2,1.64,23.3,40.63
50.0,Female,57.3,1.72,11.1,22.6
22.0,Female,103.1,1.72,23.1,16.79
29.0,Female,77.4,1.69,27.0,16.23
18.0,Male,84.1,1.78,30.3,14.46
29.0,Male,40.0,1.86,25.3,19.92
42.0,Male,66.0,1.6,16.4,17.81
51.0,Female,84.6,1.77,23.4,24.89
51.0,Male,100.7,1.75,25.5,15.9
22.0,Male,58.6,2.0,30.0,20.99
21.0,Female,57.4,1.74,27.7,24.67
21.0,Male,69.5,1.54,27.9,14.68
26.0,Female,42.2,1.91,23.6,24.27
18.0,Male,61.3,1.6,13.7,14.7
18.0,Male,66.6,1.62,21.3,12.58
37.0,Female,94.4,1.7,16.4,19.3
45.0,Male,111.9,1.73,18.3,12.32
18.0,Female,92.0,1.79,14.4,20.25
51.0,Male,61.1,1.82,31.7,45.75
18.0,Female,96.0,1.82,23.8,12.32
27.0,Female,89.7,1.67,27.7,17.56
34.0,Female,61.0,1.69,23.6,18.07
31.0,Female,75.6,1.57,25.8,26.35
23.0,Female,40.0,1.76,25.7,12.32
19.0,Female,90.6,1.85,27.5,19.15
47.0,Female,90.8,1.67,32.0,18.39
33.0,Female,129.9,1.69,27.5,23.37
19.0,Female,40.0,1.77,27.7,19.2
27.0,Male,112.6,1.79,28.6,22.96
49.0,Male,54.2,1.64,19.0,23.01
46.0,Male,108.9,1.86,22.2,27.29
52.0,Male,40.0,1.6,23.4,27.66
26.0,Male,43.2,1.8,23.5,27.59
18.0,Female,61.1,1.74,15.6,16.61
38.0,Male,85.5,1.77,14.6,16.38
18.0,Female,50.1,1.8,30.8,29.04
45.0,Male,129.9,1.75,23.5,36.13
47.0,Female,93.3,1.73,15.1,12.32
45.0,Female,73.7,1.7,29.1,15.88
55.0,Female,69.4,1.56,16.8,23.63
18.0,Male,86.1,2.0,19.7,13.06
18.0,Female,40.0,1.77,24.7,16.35
46.0,Female,40.8,1.71,14.2,39.04
43.0,Male,56.4,1.8,10.0,21.21
45.0,Female,60.7,1.63,10.0,12.32
43.0,Female,40.0,1.69,28.0,26.48
29.0,Female,84.4,1.67,10.0,17.62
18.0,Female,67.5,1.71,10.6,37.91
21.0,Female,62.1,1.68,26.4,15.6
41.0,Male,83.7,1.92,21.4,17.48
26.0,Female,80.6,1.86,23.1,29.21
18.0,Male,44.8,1.81,23.5,19.04
21.0,Male,62.3,1.91,22.7,17.4
49.0,Female,97.4,1.67,30.4,12.32
19.0,Male,51.4,1.78,29.8,13.61
31.0,Male,79.1,1.74,18.7,13.83
43.0,Male,57.5,2.0,16.9,20.98
43.0,Female,70.6,1.71,27.1,22.55
18.0,Female,72.5,1.79,27.3,19.58
44.0,Female,68.0,1.66,20.7,16.02
21.0,Female,121.6,1.78,21.0,16.63
44.0,Male,55.1,1.9,26.9,22.13
58.0,Female,51.2,1.72,20.6,36.29
35.0,Female,60.8,1.64,20.7,19.54
26.0,Female,64.7,1.75,23.5,18.21
24.0,Female,58.5,1.87,24.8,24.49
31.0,Female,49.1,1.7,23.5,15.73
39.0,Female,67.8,1.59,25.9,25.0
22.0,Male,43.3,1.69,23.7,13.83
44.0,Female,40.8,1.74,10.0,13.11
18.0,Male,71.5,1.69,16.9,15.8
50.0,Male,41.1,1.51,24.9,31.59
27.0,Male,52.3,1.6,22.5,31.64
28.0,Male,73.2,1.76,26.4,12.32
41.0,Female,117.7,1.67,26.2,17.26
31.0,Male,63.8,1.74,28.1,25.22
18.0,Male,52.0,1.66,26.7,20.41
25.0,Female,73.3,1.5,30.6,22.55
18.0,Male,50.0,1.83,19.0,14.29
34.0,Male,90.0,1.74,25.0,13.77
39.0,Male,109.6,1.84,26.7,19.77
18.0,Male,43.5,1.77,24.4,21.96
20.0,Male,115.4,1.73,30.7,27.02
22.0,Male,47.4,1.91,26.6,15.36
18.0,Male,54.6,1.66,34.7,18.88
36.0,Male,40.0,2.0,25.7,27.96
26.0,Female,71.2,2.0,29.8,27.16
53.0,Female,46.4,1.7,21.9,14.08
18.0,Female,69.9,1.78,19.6,12.32
20.0,Male,64.9,1.69,10.0,14.87
43.0,Female,47.6,1.65,22.0,22.14
23.0,Male,48.9,1.7,32.5,21.36
51.0,Female,72.2,1.91,21.0,17.41
54.0,Female,79.8,1.94,25.3,12.32
22.0,Male,62.8,1.71,15.8,14.23
23.0,Female,52.4,1.86,21.6,12.32
34.0,Female,88.8,1.56,32.6,30.43
29.0,Female,101.5,1.9,26.3,25.74
18.0,Male,40.0,1.72,18.6,12.77
24.0,Male,40.0,2.0,31.9,34.62
41.0,Female,66.2,1.83,20.2,24.37
37.0,Female,77.5,1.5,21.2,12.32
30.0,Female,119.6,1.72,13.1,13.32
38.0,Male,40.0,1.5,24.9,36.71
18.0,Male,82.3,1.74,26.0,17.15
54.0,Male,71.2,1.7,14.4,12.46
34.0,Male,53.0,1.92,19.8,16.18
56.0,Female,45.7,1.96,11.4,21.34
18.0,Female,79.6,1.75,25.1,12.32
42.0,Female,105.3,1.67,25.4,12.32
31.0,Male,84.5,1.56,23.6,21.57
50.0,Male,98.6,1.54,23.5,12.32
27.0,Male,55.4,1.72,10.9,14.56
41.0,Female,40.0,1.77,19.9,24.52
26.0,Female,63.9,1.75,23.6,23.96
47.0,Male,40.0,1.91,24.3,27.2
31.0,Female,40.0,2.0,12.0,21.2
27.0,Male,91.9,1.5,28.8,21.07
20.0,Female,42.4,1.69,28.1,20.39
21.0,Male,76.8,1.52,21.0,25.59
47.0,Female,70.7,1.66,16.7,14.61
33.0,Male,40.0,1.88,30.4,21.91
59.0,Male,40.0,1.56,23.7,12.32
43.0,Male,46.8,1.67,26.1,14.13
27.0,Male,100.7,1.75,28.1,12.32
44.0,Female,73.4,1.59,23.0,33.25
22.0,Male,63.4,1.83,28.0,24.61
19.0,Female,129.9,1.71,29.6,12.32
24.0,Female,48.3,1.73,22.0,13.22
45.0,Female,80.5,1.89,24.6,12.32
35.0,Female,42.9,1.51,15.3,13.74
18.0,Male,74.6,1.88,18.0,30.5
21.0,Male,66.7,1.93,27.8,13.53
31.0,Female,55.0,1.6,20.6,16.04
27.0,Female,52.3,1.77,25.6,15.08
46.0,Male,65.7,1.75,10.0,31.78
53.0,Female,84.7,1.61,25.6,18.57
18.0,Female,63.4,1.85,21.4,15.64
48.0,Female,61.8,1.71,28.6,23.64
25.0,Male,44.2,1.9,25.7,19.26
18.0,Female,43.1,1.75,19.1,18.14
18.0,Male,92.1,1.59,21.8,25.66
31.0,Male,58.7,1.66,23.1,12.32
44.0,Female,59.4,1.67,24.8,19.28
59.0,Female,44.5,1.84,26.5,20.22
44.0,Female,84.8,2.0,12.1,14.34
57.0,Female,80.0,1.79,24.3,13.16
20.0,Male,87.1,1.91,27.0,21.51
27.0,Male,56.4,1.76,22.9,17.49
32.0,Male,58.4,2.0,23.3,22.61
42.0,Female,68.5,1.75,15.4,33.91
48.0,Female,77.7,1.76,28.4,25.3
55.0,Female,67.1,1.58,21.7,28.07
31.0,Female,55.7,1.8,34.4,25.27
39.0,Female,63.2,1.74,13.9,15.32
40.0,Female,64.6,1.55,21.4,16.91
36.0,Female,71.9,1.66,23.3,14.97
26.0,Female,56.7,1.73,25.5,19.65
48.0,Male,56.0,1.7,26.6,19.44
54.0,Female,74.9,1.69,14.4,18.71
18.0,Female,43.0,1.95,18.5,12.32
59.0,Male,70.2,1.77,21.4,40.19
23.0,Male,96.5,1.8,29.3,12.32
30.0,Male,56.6,2.0,28.9,23.89
38.0,Female,40.0,1.88,20.7,12.64
48.0,Female,81.9,1.8,24.0,18.28
47.0,Male,121.4,1.61,24.7,30.03
21.0,Female,70.5,1.84,26.7,25.59
23.0,Female,70.5,1.65,27.1,20.02
46.0,Male,54.8,1.69,16.5,22.85
42.0,Male,72.0,1.9,15.6,24.6
29.0,Male,56.3,1.81,14.3,22.34
18.0,Male,46.5,1.54,28.9,14.01
47.0,Female,51.4,1.88,24.0,14.3
43.0,Male,42.6,1.62,13.6,21.81
18.0,Male,73.0,1.78,26.1,12.32
50.0,Male,87.9,1.68,15.5,31.28
35.0,Male,53.0,1.67,21.9,16.71
43.0,Female,46.3,1.61,21.4,14.14
50.0,Male,82.8,1.9,16.8,28.59
53.0,Female,82.9,1.6,17.8,12.33
18.0,Female,71.9,1.54,16.8,29.64
27.0,Male,41.0,1.82,29.1,12.35
18.0,Female,81.9,1.79,28.5,12.32
18.0,Male,67.7,1.69,26.8,21.16
22.0,Female,99.5,1.79,27.6,23.56
31.0,Female,47.4,1.73,28.8,20.91
18.0,Male,71.1,1.84,15.2,30.36
22.0,Male,89.8,1.79,28.2,12.32
28.0,Female,81.7,1.81,23.2,34.26
40.0,Male,40.4,1.68,27.3,20.47
56.0,Male,40.0,1.63,23.4,20.75
41.0,Male,40.2,1.76,18.8,19.02
47.0,Male,49.9,1.74,29.4,16.01
42.0,Male,41.9,1.84,30.6,22.97
26.0,Male,40.0,1.72,17.0,20.71
18.0,Male,47.3,1.75,29.0,30.5
54.0,Male,79.6,1.87,27.7,12.32
19.0,Female,76.6,1.84,28.3,19.76
32.0,Female,69.5,1.65,29.8,15.8
46.0,Female,68.6,1.63,25.8,19.42
46.0,Male,73.0,2.0,10.0,14.91
52.0,Female,40.8,1.71,28.3,18.31
19.0,Male,42.1,1.6,12.7,16.65
34.0,Male,40.0,1.82,24.1,15.3
18.0,Female,67.1,1.71,27.1,24.9
53.0,Male,67.2,1.68,22.6,13.91
29.0,Male,72.1,2.0,32.7,21.75
49.0,Female,62.0,1.87,20.0,22.02
52.0,Male,71.3,1.84,29.2,12.32
21.0,Male,51.9,1.57,27.5,18.89
33.0,Male,92.8,1.59,23.8,15.84
58.0,Female,40.0,1.7,21.2,12.32
36.0,Female,44.9,1.79,16.2,29.4
33.0,Male,78.6,1.7,10.0,16.53
42.0,Female,54.0,1.69,25.7,14.91
29.0,Male,53.8,1.66,34.5,23.95
44.0,Male,63.3,1.88,16.5,13.03
42.0,Female,98.1,1.73,21.7,15.29
32.0,Male,87.2,1.5,23.2,16.29
31.0,Male,64.8,1.71,26.2,23.64
48.0,Male,51.6,1.8,22.5,13.29
21.0,Male,69.4,1.85,10.0,17.58
38.0,Female,77.4,1.54,29.0,13.58
42.0,Female,82.3,1.94,10.0,20.23
40.0,Female,95.5,1.84,26.7,17.55
19.0,Male,60.7,1.7,20.9,35.87
34.0,Male,40.0,1.88,11.9,18.81
37.0,Female,63.1,1.84,31.9,26.39
51.0,Female,55.7,1.5,27.7,28.28
52.0,Male,53.1,1.55,14.6,12.32
52.0,Female,65.8,1.82,17.1,32.86
35.0,Female,40.4,1.71,17.0,29.32
45.0,Male,40.0,1.75,28.8,26.88
31.0,Male,40.0,2.0,26.9,30.36
27.0,Male,40.0,1.68,10.0,19.67
18.0,Male,73.0,1.89,15.6,17.22
35.0,Female,127.6,1.65,20.4,15.36
19.0,Female,43.6,1.7,23.9,19.35
24.0,Male,54.0,1.71,29.0,15.39
44.0,Male,53.1,1.64,27.0,27.79
21.0,Female,87.8,1.88,19.9,20.22
38.0,Male,82.7,2.0,25.8,24.74
33.0,Male,84.0,1.7,20.5,13.38
18.0,Female,58.4,1.87,26.9,17.66
48.0,Male,63.8,1.79,29.7,25.54
45.0,Male,94.6,1.69,29.9,15.15
21.0,Female,40.0,1.58,29.2,12.47
59.0,Female,71.1,1.73,25.2,34.41
36.0,Female,55.0,1.77,19.8,21.97
33.0,Female,76.3,1.88,24.2,14.97
22.0,Female,48.6,1.72,25.4,20.42
42.0,Male,57.3,1.73,22.2,19.54
36.0,Female,55.9,1.76,18.2,12.32
41.0,Male,73.2,2.0,17.6,18.61
23.0,Male,58.7,1.69,26.6,23.64
24.0,Female,91.8,1.82,16.1,24.37
42.0,Female,47.7,1.72,31.4,14.27
55.0,Female,51.9,1.64,22.8,25.06
36.0,Male,60.1,1.78,35.0,16.06
18.0,Female,40.0,1.56,27.6,12.98
23.0,Female,64.7,2.0,32.4,20.45
24.0,Male,73.0,1.61,27.4,12.36
41.0,Male,90.3,1.76,22.6,12.32
48.0,Female,79.1,1.63,35.0,27.86
47.0,Female,82.2,1.72,25.0,12.4
54.0,Male,40.0,1.79,16.9,22.6
33.0,Female,60.7,1.57,26.0,15.19
50.0,Female,76.4,1.54,25.2,33.64
49.0,Female,95.6,1.67,26.0,14.67
25.0,Female,85.1,1.98,22.5,14.37
34.0,Female,72.9,1.71,27.8,20.67
30.0,Female,42.2,1.63,26.4,28.27
49.0,Male,40.0,1.76,11.2,16.86
18.0,Male,51.8,1.58,25.8,16.04
22.0,Male,64.6,2.0,21.4,22.43
47.0,Male,66.5,1.79,24.0,16.95
54.0,Male,55.2,1.8,27.0,23.47
49.0,Female,105.3,1.83,31.4,39.35
18.0,Male,74.1,1.76,13.7,13.25
46.0,Female,40.0,1.75,22.3,12.41
18.0,Male,91.1,1.76,28.8,14.34
21.0,Female,49.2,1.64,23.3,23.08
48.0,Female,40.0,1.77,27.2,18.51
48.0,Female,60.0,1.92,11.1,32.68
21.0,Male,56.1,1.54,33.1,18.76
51.0,Female,46.2,1.73,32.8,14.87
44.0,Male,56.1,1.68,15.4,17.28
24.0,Male,51.7,1.93,24.4,16.29
51.0,Male,65.8,1.62,28.2,21.21
32.0,Female,40.0,1.88,27.4,12.32
45.0,Male,59.5,1.61,24.5,21.71
58.0,Male,73.5,1.93,14.0,14.74
18.0,Female,52.1,1.73,23.9,12.32
59.0,Female,60.6,1.92,24.6,30.51
20.0,Female,104.3,1.79,23.4,16.4
39.0,Female,65.3,1.61,30.3,21.86
52.0,Male,47.8,1.79,27.3,17.21
18.0,Female,51.1,1.83,17.0,16.85
34.0,Male,62.5,1.87,29.6,31.91
59.0,Female,57.4,1.56,18.5,25.59
37.0,Male,108.7,1.55,26.9,26.23
41.0,Female,40.0,1.6,23.5,15.53
53.0,Female,65.2,1.72,24.8,22.39
23.0,Male,90.0,1.58,25.0,12.32
28.0,Female,91.6,1.68,19.1,12.48
48.0,Female,84.1,1.69,22.2,16.11
43.0,Female,57.8,1.57,21.3,20.73
55.0,Female,100.0,1.63,10.5,12.32
30.0,Female,61.9,1.55,27.1,12.32
19.0,Male,58.6,1.64,10.0,21.91
21.0,Male,80.8,1.8,29.8,21.28
21.0,Female,42.7,1.81,26.0,12.32
29.0,Male,60.9,1.86,31.5,42.08
40.0,Male,78.8,1.7,21.1,17.55
37.0,Female,85.3,1.69,22.8,19.95
47.0,Female,84.8,1.58,26.3,17.99
50.0,Female,72.7,1.74,15.5,12.32
43.0,Male,57.4,1.69,23.7,13.31
33.0,Male,40.0,1.81,20.1,16.68
33.0,Female,129.9,1.56,34.0,24.54
50.0,Male,55.0,1.5,27.2,26.53
18.0,Male,41.6,1.94,25.0,19.74
43.0,Male,56.9,1.68,26.5,21.48
20.0,Female,84.8,1.74,24.9,14.13
24.0,Female,96.9,1.88,15.8,30.18
24.0,Male,81.2,1.56,25.5,31.34
53.0,Female,70.5,1.9,31.9,16.4
38.0,Male,58.7,1.72,21.2,23.03
26.0,Male,62.0,1.65,35.0,13.96
18.0,Male,100.6,1.74,23.2,20.9
33.0,Female,63.0,1.71,25.6,15.02
45.0,Male,52.7,1.82,22.9,24.95
29.0,Male,79.4,1.71,29.6,27.97
57.0,Female,57.6,1.86,22.9,14.02
37.0,Male,108.5,1.97,27.2,23.59
52.0,Female,75.7,1.61,24.6,17.49
34.0,Female,73.9,1.75,35.0,22.1
36.0,Male,72.8,1.63,25.1,12.32
34.0,Female,57.6,1.7,14.7,15.66
48.0,Female,49.3,1.74,19.2,19.2
18.0,Male,41.6,1.85,14.5,12.32
33.0,Male,65.6,1.87,16.3,17.53
35.0,Female,47.5,1.81,26.4,26.59
43.0,Female,73.6,1.79,17.4,14.69
49.0,Female,56.0,1.6,27.9,20.47
48.0,Female,40.0,1.66,14.8,12.32
44.0,Female,88.2,1.88,28.5,12.32
27.0,Female,55.8,1.67,28.8,28.68
41.0,Male,73.2,1.75,30.4,23.65
44.0,Male,40.0,1.72,22.8,20.78
54.0,Male,58.5,1.96,13.1,18.11
45.0,Female,57.5,1.55,28.8,17.65
24.0,Female,55.6,1.73,17.2,22.74
32.0,Female,42.4,1.79,27.1,18.17
33.0,Female,77.0,1.69,29.1,12.32
28.0,Female,74.7,1.69,14.0,13.79
59.0,Male,65.1,1.68,26.1,23.59
21.0,Female,40.0,1.8,10.0,19.84
23.0,Male,64.3,1.58,22.0,19.45
20.0,Female,43.6,1.6,16.9,15.52
21.0,Male,100.4,1.62,29.3,33.21
48.0,Female,73.8,1.88,19.2,12.32
23.0,Male,52.3,1.74,10.0,18.17
51.0,Male,57.3,1.71,28.1,19.69
30.0,Male,70.7,1.64,13.0,20.83
20.0,Male,92.8,2.0,24.3,16.6
18.0,Male,56.2,1.75,29.6,17.29
24.0,Female,65.3,1.74,25.6,19.87
37.0,Male,60.2,1.76,31.4,32.81
54.0,Female,56.6,1.67,25.0,12.32
30.0,Female,40.0,1.83,26.9,20.31
34.0,Male,63.8,1.8,13.8,14.24
42.0,Female,58.4,1.7,23.6,16.68
43.0,Female,43.9,1.82,16.3,19.29
24.0,Male,46.0,1.71,26.1,15.44
37.0,Female,58.0,1.89,26.0,23.79
55.0,Female,91.1,1.85,31.8,29.5
43.0,Female,40.0,1.55,19.9,21.42
49.0,Female,40.0,1.89,29.4,16.63
27.0,Female,96.8,1.73,31.7,19.05
36.0,Male,69.0,1.76,16.7,13.89
20.0,Male,43.5,1.52,24.3,25.35
55.0,Male,54.2,1.62,28.3,20.94
34.0,Male,59.8,1.77,23.0,24.41
18.0,Female,52.2,1.75,26.1,12.48
40.0,Male,45.4,1.84,11.5,12.32
28.0,Female,62.1,1.68,13.9,28.14
26.0,Male,72.8,1.57,29.8,16.61
27.0,Female,73.5,1.92,14.2,18.37
22.0,Male,78.4,1.66,10.0,19.29
51.0,Female,87.1,1.77,21.1,12.9
45.0,Male,76.3,1.67,11.6,14.42
33.0,Female,75.5,1.85,21.8,18.19
44.0,Female,49.3,1.55,21.5,21.77
56.0,Female,92.0,1.86,24.2,31.52
35.0,Male,44.0,1.59,29.0,27.49
46.0,Male,92.6,1.76,13.8,12.37
23.0,Male,83.0,1.74,21.0,15.13
21.0,Female,78.5,1.8,23.9,22.33
56.0,Female,56.2,1.69,24.4,21.59
58.0,Male,87.4,1.64,10.0,16.94
26.0,Male,92.2,1.59,24.5,23.0
18.0,Male,83.1,1.94,24.4,17.84
36.0,Female,47.1,1.72,21.8,17.46
53.0,Female,76.2,1.67,25.5,18.46
46.0,Female,48.4,1.82,19.2,12.32
24.0,Female,47.3,1.92,29.5,12.34
31.0,Female,71.4,1.68,23.8,21.59
24.0,Male,103.6,1.88,20.9,13.85
35.0,Female,81.0,1.78,10.0,19.74
55.0,Female,94.9,1.52,27.9,12.32
21.0,Female,80.0,1.67,29.8,17.15
29.0,Female,40.0,1.77,22.2,29.56
35.0,Male,69.5,1.68,23.6,16.62
37.0,Male,48.3,1.81,26.1,20.81
18.0,Male,44.8,1.67,21.6,12.32
54.0,Male,68.9,1.78,30.7,17.82
44.0,Female,63.6,1.77,17.8,17.92
27.0,Female,40.0,1.72,27.3,17.8
35.0,Female,66.7,1.72,18.7,22.98
44.0,Male,47.3,1.72,26.7,23.85
39.0,Female,70.3,1.74,20.4,17.03
49.0,Female,74.7,1.81,23.9,14.58
26.0,Male,57.8,1.61,18.2,12.32
18.0,Male,40.0,1.72,28.0,32.62
33.0,Male,79.8,1.53,14.7,16.6
47.0,Female,74.7,1.77,22.1,24.44
40.0,Female,83.6,1.84,23.0,20.2
38.0,Male,101.8,1.51,25.6,20.89
42.0,Female,86.7,1.7,27.2,17.49
18.0,Male,40.9,1.87,17.1,39.61
28.0,Male,87.3,1.51,32.0,14.46
26.0,Male,89.2,1.81,23.5,27.63
23.0,Male,75.9,1.81,30.0,12.32
30.0,Male,100.1,1.76,25.9,15.73
18.0,Female,80.8,1.85,12.1,14.81
58.0,Female,68.6,1.72,27.2,12.32
46.0,Female,45.7,1.96,29.8,22.82
19.0,Female,55.2,1.71,10.0,20.85
31.0,Female,91.7,1.74,19.8,12.32
47.0,Male,78.7,1.69,24.5,22.0
28.0,Female,40.0,1.57,30.2,15.05
22.0,Male,47.1,1.87,31.7,34.98
23.0,Male,85.1,1.79,23.7,19.2
48.0,Female,87.9,1.5,22.1,13.04
24.0,Female,74.2,1.58,23.6,30.92
22.0,Male,49.6,1.87,30.5,14.25
18.0,Male,63.9,1.86,24.0,24.05
54.0,Male,69.8,1.75,32.0,21.66
42.0,Female,40.5,1.64,13.4,12.32
18.0,Female,43.8,1.96,29.7,21.88
24.0,Female,45.7,1.63,19.6,12.32
43.0,Male,40.0,1.73,21.3,12.61
25.0,Male,40.8,1.69,24.4,22.31
59.0,Male,82.0,1.51,28.5,24.72
29.0,Female,60.9,1.92,18.0,43.3
27.0,Male,55.0,1.68,24.6,18.54
23.0,Female,59.0,1.62,17.6,17.71
34.0,Female,80.0,2.0,22.3,14.62
24.0,Male,44.3,1.65,27.8,15.86
24.0,Male,63.6,1.74,26.1,25.85
29.0,Female,50.2,1.89,27.6,15.27
58.0,Male,43.6,1.67,26.7,28.29
38.0,Male,60.5,1.72,20.9,25.58
34.0,Male,92.4,1.79,25.3,12.85
39.0,Female,76.7,1.86,23.1,17.75
18.0,Male,71.9,1.88,10.0,15.96
25.0,Female,59.2,1.84,25.1,13.81
27.0,Male,57.4,1.89,22.4,16.0
33.0,Male,69.5,1.75,32.4,21.58
23.0,Male,47.4,1.96,18.7,21.34
33.0,Male,76.5,1.75,12.5,32.82
18.0,Female,53.5,1.68,28.1,23.57
25.0,Female,83.1,1.72,23.8,12.32
47.0,Female,70.4,1.93,23.5,12.32
39.0,Female,50.3,1.94,10.0,14.72
28.0,Female,65.3,1.68,32.4,25.26
20.0,Male,66.2,1.85,24.9,12.32
19.0,Female,51.4,1.84,20.9,16.95
58.0,Female,78.3,1.52,30.5,25.33
31.0,Female,79.4,1.56,21.3,26.3
25.0,Male,72.5,1.78,27.4,12.32
21.0,Male,92.1,1.77,25.3,17.16
55.0,Female,72.6,1.55,24.1,19.76
40.0,Male,76.7,1.68,27.3,23.76
39.0,Male,91.0,1.73,23.3,22.08
26.0,Female,78.3,1.58,15.0,28.61
26.0,Female,54.2,1.64,16.7,19.39
42.0,Male,108.5,1.85,29.0,15.62
18.0,Male,83.2,1.62,10.0,18.69
19.0,Female,64.8,1.6,22.3,21.61
25.0,Female,45.5,1.58,17.4,15.04
42.0,Female,59.0,1.89,27.7,17.68
43.0,Female,89.2,1.73,14.5,25.4
47.0,Female,108.3,1.67,27.6,13.44
30.0,Male,87.9,1.62,20.9,34.99
48.0,Female,45.9,1.94,29.1,12.32
18.0,Male,107.0,1.75,27.0,27.94
39.0,Male,40.7,1.84,25.3,22.28
50.0,Female,88.5,2.0,11.9,17.26
27.0,Female,62.5,1.67,23.2,26.22
43.0,Female,79.0,1.73,25.2,19.64
27.0,Female,40.0,1.85,24.0,22.49
19.0,Male,51.8,1.6,25.3,16.69
38.0,Female,89.3,1.58,24.0,19.02
33.0,Male,40.0,1.75,18.7,17.77
50.0,Female,102.6,1.62,10.0,18.48
18.0,Male,69.2,1.62,25.0,33.3
19.0,Male,75.3,1.67,27.4,23.17
45.0,Male,45.9,1.51,29.8,12.32
59.0,Male,66.9,1.57,27.5,20.4
32.0,Male,68.7,1.77,28.5,17.39
37.0,Male,44.2,1.5,24.0,20.62
18.0,Female,46.0,1.79,23.6,18.0
18.0,Male,74.8,1.76,21.8,23.47
54.0,Male,46.3,1.62,32.2,19.44
24.0,Male,87.1,1.9,27.6,36.55
43.0,Female,40.0,1.89,21.4,12.32
18.0,Female,49.3,1.71,29.4,14.06
18.0,Female,67.9,1.81,33.8,12.32
33.0,Male,49.7,1.82,32.2,21.87
49.0,Male,88.4,1.75,23.5,12.42
19.0,Male,129.9,1.82,20.2,17.37
35.0,Male,40.3,1.79,14.5,13.37
34.0,Male,72.1,1.78,12.1,12.32
50.0,Female,103.8,1.54,27.3,12.32
36.0,Female,85.1,1.73,28.9,13.22
18.0,Male,81.0,1.64,21.7,13.42
47.0,Female,74.1,1.87,14.8,21.54
45.0,Female,47.9,1.71,23.5,20.37
25.0,Male,113.3,1.75,22.1,21.36
23.0,Female,78.2,1.9,16.2,29.89
25.0,Male,40.0,1.68,27.9,14.27
59.0,Male,40.0,1.78,19.7,19.22
23.0,Female,69.2,1.73,23.3,21.96
48.0,Female,91.3,1.58,28.9,19.62
46.0,Male,68.2,1.88,17.2,32.75
18.0,Female,45.1,1.86,25.5,18.99
20.0,Male,70.5,1.65,15.5,12.32
18.0,Female,54.2,1.68,14.1,15.66
18.0,Female,83.6,1.86,22.7,24.77
37.0,Female,58.0,1.6,21.0,22.2
52.0,Female,40.0,1.91,23.4,23.62
30.0,Female,40.0,1.62,25.2,14.53
23.0,Female,83.5,1.5,25.8,12.32
22.0,Female,81.9,1.8,22.4,28.26
40.0,Male,45.2,1.74,26.0,18.36
49.0,Male,60.2,1.62,23.4,16.85
28.0,Male,69.3,1.61,17.6,32.49
33.0,Female,40.0,1.79,27.2,15.69
48.0,Male,87.3,2.0,10.7,18.2
49.0,Male,40.0,1.77,24.7,25.41
26.0,Female,55.4,2.0,26.8,19.35
18.0,Male,50.9,1.73,23.5,17.61
55.0,Female,59.9,1.53,26.9,31.33
44.0,Male,66.8,1.97,18.5,23.14
50.0,Male,97.0,1.65,27.1,27.51
37.0,Male,75.8,1.63,26.5,14.0
21.0,Female,51.6,1.5,25.2,24.7
27.0,Female,55.4,1.88,16.3,14.33
23.0,Male,72.9,1.51,22.3,40.08
30.0,Female,80.2,1.91,16.5,28.49
45.0,Male,121.2,1.67,16.7,30.69
36.0,Female,100.2,1.93,24.6,16.49
45.0,Male,84.1,1.71,22.4,38.83
51.0,Male,52.0,1.92,25.7,14.05
25.0,Male,70.7,1.7,23.5,18.29
52.0,Female,50.8,1.8,24.9,16.16
42.0,Female,77.0,1.63,29.2,15.93
31.0,Female,50.1,1.69,27.4,22.3
18.0,Male,89.2,1.88,29.7,13.63
18.0,Female,70.8,1.96,25.2,12.32
50.0,Male,59.1,1.74,30.1,24.07
46.0,Female,67.5,1.76,20.0,17.39
27.0,Female,41.4,1.69,23.2,16.26
24.0,Female,80.0,1.59,15.3,14.62
24.0,Male,95.5,1.57,32.5,26.3
18.0,Male,66.9,1.76,24.2,16.52
18.0,Male,82.8,1.5,30.5,19.41
26.0,Male,79.7,1.64,21.8,26.9
33.0,Female,71.8,1.51,26.6,12.97
35.0,Male,73.4,1.57,32.4,25.05
54.0,Female,45.8,1.62,15.2,17.99
44.0,Female,106.8,1.65,17.1,25.4
19.0,Male,59.8,1.7,29.6,22.56
44.0,Male,52.5,1.65,29.4,16.41
58.0,Male,56.5,1.76,24.1,28.26
18.0,Male,49.9,1.74,23.0,17.53
18.0,Female,76.1,1.64,34.8,33.24
18.0,Female,40.0,1.74,24.8,24.44
18.0,Male,91.1,1.7,33.7,18.24
28.0,Female,67.1,1.9,20.8,12.32
18.0,Female,53.9,1.69,13.6,15.23
34.0,Female,79.3,1.65,12.0,24.84
18.0,Female,40.0,1.88,22.6,14.1
35.0,Male,75.7,1.74,24.0,12.47
29.0,Male,82.5,1.79,10.0,34.85
19.0,Male,40.0,1.84,30.2,16.34
20.0,Female,73.0,1.59,30.1,15.01
23.0,Female,56.5,1.97,28.6,13.2
33.0,Male,78.7,1.61,24.5,19.47
27.0,Male,75.4,1.58,16.9,15.63
48.0,Male,59.6,1.78,23.2,12.32
29.0,Female,57.2,1.84,16.8,29.68
39.0,Female,74.3,1.63,25.9,20.29
46.0,Male,64.4,1.82,26.2,28.07
54.0,Male,63.8,1.92,20.7,26.75
21.0,Female,45.1,1.87,25.8,19.64
27.0,Male,63.7,1.86,24.5,18.88
20.0,Male,57.1,1.66,24.6,17.57
43.0,Male,68.8,1.79,23.4,14.27
55.0,Female,98.6,1.6,22.1,14.29
25.0,Female,102.8,2.0,27.1,14.05
36.0,Male,45.8,1.59,32.9,30.03
53.0,Female,47.5,1.66,22.5,32.14
52.0,Male,88.0,1.87,32.2,27.54
43.0,Male,76.3,1.66,25.7,28.19
31.0,Female,85.9,1.7,28.0,12.78
28.0,Male,93.7,1.77,14.8,23.62
26.0,Male,83.6,1.79,25.4,27.91
38.0,Male,101.4,2.0,20.7,38.99
40.0,Male,79.9,1.51,26.2,14.09
45.0,Female,70.2,1.82,10.0,13.6
40.0,Female,44.2,1.7,23.7,24.1
49.0,Male,90.6,1.78,28.2,15.66
40.0,Female,56.8,1.54,27.6,12.32
51.0,Female,48.7,1.5,27.3,12.32
41.0,Female,72.3,1.66,25.6,23.85
43.0,Female,68.0,1.78,22.8,17.25
44.0,Male,46.7,1.81,10.0,23.21
30.0,Male,59.4,1.87,25.5,23.2
18.0,Female,75.9,1.7,30.1,24.94
47.0,Female,45.1,1.73,29.7,14.58
25.0,Female,64.6,1.51,26.9,17.74
18.0,Female,68.7,1.6,23.1,33.26
45.0,Female,61.1,1.74,19.6,16.37
47.0,Female,70.1,1.71,25.1,19.95
28.0,Male,50.3,1.81,31.8,26.47
18.0,Female,66.8,1.62,30.2,22.63
28.0,Male,59.9,1.7,11.7,33.85
41.0,Male,52.8,1.68,29.6,12.32
51.0,Female,62.7,1.73,18.2,33.87
34.0,Male,76.4,1.84,17.0,21.69
52.0,Male,54.7,1.93,31.9,34.32
18.0,Female,49.0,1.72,24.4,17.26
30.0,Male,46.3,1.59,23.8,17.74
35.0,Female,68.2,1.7,23.5,31.92
36.0,Female,85.1,1.67,19.7,20.8
56.0,Female,63.7,1.74,28.6,14.53
34.0,Male,40.0,1.68,28.2,17.03
56.0,Male,64.7,1.78,11.5,13.72
28.0,Male,56.5,1.73,14.5,13.82
18.0,Male,56.9,1.74,22.0,19.82
18.0,Male,115.8,1.68,24.2,20.56
45.0,Male,46.0,1.76,24.0,28.92
47.0,Female,46.9,1.91,23.8,14.88
49.0,Male,110.8,1.62,11.5,21.26
19.0,Male,97.4,1.75,27.1,28.45
42.0,Male,117.7,1.71,23.7,26.89
28.0,Male,51.1,1.66,31.1,19.67
18.0,Male,79.0,1.64,16.9,30.73
44.0,Female,65.0,1.57,27.9,32.75
24.0,Male,86.3,1.71,33.3,18.7
39.0,Male,43.3,1.68,13.2,17.06
18.0,Male,50.6,2.0,19.8,20.88
52.0,Male,40.0,1.71,18.6,17.27
56.0,Female,59.1,2.0,14.1,16.29
59.0,Female,72.8,1.65,15.4,14.86
29.0,Female,65.0,1.77,25.2,23.25
46.0,Female,61.2,1.79,22.6,17.28
27.0,Female,63.3,1.9,20.0,22.45
40.0,Female,95.3,1.86,10.0,22.23
35.0,Male,124.8,1.75,10.0,28.03
18.0,Male,75.4,1.97,29.7,15.43
46.0,Male,49.8,1.91,29.4,12.84
18.0,Male,61.0,1.67,27.4,17.17
47.0,Male,100.2,1.67,24.5,26.79
33.0,Female,73.0,1.69,10.0,23.54
30.0,Male,88.2,1.72,27.2,15.42
34.0,Female,61.7,1.81,31.4,20.6
30.0,Male,45.4,1.73,23.1,17.33
30.0,Male,40.0,1.87,26.6,12.87
22.0,Male,129.9,1.62,27.2,12.32
53.0,Female,71.9,2.0,29.0,12.32
44.0,Female,115.6,1.5,25.1,18.41
26.0,Female,64.7,1.61,25.1,24.23
52.0,Male,58.2,1.71,28.7,21.89
49.0,Male,53.8,1.81,25.3,19.34
26.0,Female,63.6,1.77,18.9,22.45
23.0,Male,62.3,1.68,21.1,12.98
26.0,Male,55.9,1.61,21.1,21.42
41.0,Female,65.7,1.57,26.5,12.32
59.0,Female,65.5,1.78,22.8,28.6
28.0,Female,40.0,1.81,21.3,37.33
48.0,Male,40.0,1.67,17.8,12.32
54.0,Female,76.8,1.79,20.7,20.66
26.0,Female,92.4,1.59,24.9,22.09
28.0,Male,88.5,1.64,31.7,26.98
52.0,Female,54.3,1.73,20.5,22.75
23.0,Male,71.2,1.56,21.8,13.25
26.0,Female,64.1,1.68,28.1,39.84
18.0,Female,45.3,1.75,28.4,26.5
21.0,Female,76.0,1.72,28.8,12.32
41.0,Female,40.0,1.69,26.0,19.94
30.0,Male,129.9,1.78,20.0,30.83
27.0,Female,62.9,1.73,27.9,28.52
28.0,Male,69.3,1.99,14.4,18.72
38.0,Male,60.6,1.81,24.8,13.74
59.0,Female,40.0,1.65,23.4,22.78
33.0,Female,56.6,2.0,24.1,37.62
27.0,Female,75.2,1.96,14.9,21.52
25.0,Male,42.2,1.82,17.9,29.27
29.0,Female,57.0,1.7,17.7,12.32
32.0,Female,40.0,1.89,23.9,18.0
49.0,Male,128.5,1.96,26.1,22.89
28.0,Female,45.0,1.8,23.2,12.32
18.0,Female,78.5,1.81,29.9,15.7
50.0,Female,49.4,1.91,17.6,17.89
27.0,Female,50.3,1.66,27.6,39.72
40.0,Female,61.0,1.88,24.9,12.32
59.0,Male,79.3,1.79,25.2,16.0
57.0,Female,40.0,1.62,25.2,21.11
18.0,Male,50.0,1.69,21.6,28.53
18.0,Male,48.6,1.95,23.1,12.32
26.0,Male,91.3,1.63,22.6,19.46
50.0,Female,102.2,1.65,17.3,17.77
48.0,Female,40.0,1.75,12.8,12.32
41.0,Female,69.6,1.63,27.9,32.29
23.0,Female,56.8,1.75,25.3,12.32
50.0,Female,99.4,1.7,30.5,16.45
18.0,Male,51.4,1.83,23.7,16.63
22.0,Male,96.9,1.8,21.7,24.29
26.0,Female,64.3,1.7,33.9,39.07
42.0,Female,40.0,1.72,24.0,19.15
37.0,Male,40.0,1.92,10.0,15.24
30.0,Female,85.4,1.71,21.6,20.15
33.0,Female,72.9,1.58,25.9,18.97
25.0,Female,48.8,1.84,25.0,16.6
38.0,Male,53.6,1.7,30.4,12.32
47.0,Male,77.9,1.76,34.0,15.38
35.0,Male,68.5,1.73,19.3,12.32
32.0,Female,113.1,1.73,26.2,12.32
27.0,Female,53.7,1.75,13.3,16.24
25.0,Male,61.3,1.77,35.0,17.69
38.0,Male,41.1,1.67,25.6,14.26
36.0,Male,78.2,1.63,23.1,21.82
35.0,Male,94.6,1.69,33.1,22.21
28.0,Female,68.8,1.73,31.4,12.38
27.0,Female,43.4,1.71,10.0,25.15
40.0,Female,40.0,1.74,22.7,12.32
24.0,Male,70.3,1.87,23.9,14.32
18.0,Male,64.7,1.67,26.0,19.63
59.0,Male,61.0,1.62,14.6,21.37
37.0,Female,44.2,1.61,28.8,14.92
18.0,Male,77.8,1.76,24.6,16.37
53.0,Male,53.5,1.71,25.1,33.56
44.0,Male,63.7,1.62,23.0,12.32
28.0,Female,64.1,1.82,16.3,13.85
30.0,Female,40.0,1.93,17.2,12.32
25.0,Female,68.8,1.73,28.8,12.32
53.0,Female,68.9,1.6,10.2,27.19
25.0,Male,100.4,1.76,30.4,17.45
58.0,Female,105.7,1.65,32.0,13.66
18.0,Female,61.9,1.58,25.2,18.23
50.0,Female,60.4,1.72,27.9,20.81
18.0,Female,42.6,1.56,27.1,12.46
59.0,Female,97.4,1.57,18.1,27.67
21.0,Male,46.4,2.0,29.7,23.07
38.0,Male,87.9,1.75,24.2,12.32
40.0,Male,87.8,1.64,22.5,17.55
52.0,Female,62.4,1.91,27.3,15.2
20.0,Female,65.7,1.81,35.0,25.06
23.0,Female,51.4,2.0,31.7,15.31
34.0,Female,75.2,2.0,33.8,16.39
34.0,Male,77.7,1.81,33.0,12.32
23.0,Female,40.0,1.89,24.7,17.09
43.0,Female,80.5,1.68,21.7,25.52
18.0,Male,40.0,1.78,16.9,21.42
28.0,Female,109.4,1.58,21.9,21.16
57.0,Female,40.0,1.58,24.7,14.94
18.0,Male,40.0,1.8,32.5,12.32
44.0,Female,79.5,1.73,17.8,25.45
21.0,Female,68.5,1.61,19.9,18.59
44.0,Female,87.5,1.88,26.9,21.72
56.0,Male,54.5,1.76,32.1,27.02
33.0,Female,55.4,1.6,30.6,20.82
32.0,Male,85.7,1.53,24.0,14.19
34.0,Female,58.2,1.7,24.0,12.46
30.0,Male,72.5,1.91,28.2,26.6
20.0,Male,90.3,1.68,10.5,31.04
42.0,Female,95.2,1.76,25.3,16.06
26.0,Male,75.0,1.91,24.8,21.87
26.0,Male,61.5,1.51,31.4,21.29
28.0,Female,101.9,1.5,23.8,15.07
54.0,Female,41.4,1.6,10.0,20.92
18.0,Male,71.3,1.78,20.6,34.18
42.0,Male,46.2,1.72,24.6,19.47
24.0,Male,64.0,1.83,27.7,31.31
54.0,Male,47.2,1.75,23.9,20.0
53.0,Male,95.5,1.52,21.8,12.32
33.0,Female,40.0,1.79,23.7,13.81
52.0,Female,81.1,1.74,23.6,12.32
55.0,Female,129.9,1.89,15.2,20.1
28.0,Male,75.7,1.85,29.7,37.5
18.0,Female,69.0,1.66,25.7,18.23
19.0,Male,72.5,1.73,11.9,29.87
40.0,Female,68.2,1.5,24.1,12.45
49.0,Female,105.0,1.63,24.0,18.89
27.0,Female,61.1,1.59,16.7,12.32
50.0,Male,62.5,1.67,20.9,28.47
59.0,Male,62.4,1.71,32.0,19.22
26.0,Male,72.4,1.68,29.8,21.68
55.0,Female,93.1,1.82,17.3,20.51
48.0,Female,122.3,1.71,10.0,18.9
29.0,Female,70.8,1.85,14.2,15.46
52.0,Male,51.5,1.6,25.2,12.32
18.0,Female,57.1,1.61,31.7,19.32
36.0,Female,64.4,1.97,27.9,23.33
52.0,Male,63.0,1.72,21.5,34.06
29.0,Male,77.2,1.89,25.6,19.23
18.0,Female,40.0,1.66,27.6,22.99
30.0,Female,76.3,2.0,34.9,17.54
29.0,Female,71.2,1.8,10.0,31.75
55.0,Male,104.9,1.56,27.8,12.68
34.0,Female,102.1,1.53,26.5,38.34
31.0,Female,63.6,1.57,15.1,13.15
26.0,Male,68.6,1.7,25.4,18.29
33.0,Male,46.0,1.71,21.4,14.68
36.0,Male,79.7,1.75,23.9,25.28
33.0,Female,108.7,1.75,24.1,16.46
45.0,Female,61.4,1.76,21.4,21.75
21.0,Female,69.2,1.87,24.1,14.59
52.0,Male,67.4,1.72,17.0,15.39
29.0,Female,40.0,1.64,27.4,14.89
47.0,Female,46.0,1.58,28.5,15.45
34.0,Male,89.1,1.78,27.6,20.61
57.0,Male,70.4,1.72,29.9,22.21
24.0,Male,65.7,1.84,17.8,16.06
26.0,Male,82.2,1.69,10.0,18.01
54.0,Male,128.7,1.91,22.9,23.32
18.0,Female,110.3,1.76,33.0,16.38
54.0,Male,42.7,1.72,13.6,19.11
35.0,Female,98.0,1.59,14.2,18.32
37.0,Female,94.5,1.84,26.6,12.32
30.0,Female,57.6,1.66,30.9,30.42
31.0,Male,40.0,1.74,30.6,20.16
28.0,Male,40.3,1.69,24.9,20.42
53.0,Male,60.8,1.66,26.5,12.32
56.0,Male,72.0,1.77,30.0,23.34
44.0,Male,94.4,1.75,24.1,12.32
38.0,Male,71.0,1.84,24.7,21.97
34.0,Female,77.9,1.87,24.0,15.67
48.0,Male,52.6,1.63,25.1,14.53
48.0,Female,62.9,1.67,24.5,24.26
33.0,Male,59.6,1.6,22.7,21.54
46.0,Female,50.0,1.5,23.8,16.09
32.0,Female,104.3,1.83,22.1,16.99
36.0,Female,61.2,1.93,18.8,12.32
36.0,Female,82.5,1.66,11.2,21.01
57.0,Female,58.3,1.73,27.7,19.23
45.0,Male,61.6,1.95,25.1,30.72
44.0,Male,64.2,1.7,23.2,15.79
31.0,Male,53.0,1.83,23.6,22.89
50.0,Female,69.6,1.9,26.2,29.91
38.0,Female,81.1,1.92,26.1,17.99
49.0,Female,65.7,1.77,26.8,23.0
21.0,Male,81.8,1.83,29.2,22.27
28.0,Female,91.2,1.77,25.4,18.88
22.0,Male,88.9,1.6,28.9,32.24
43.0,Male,88.5,1.72,23.6,28.7
46.0,Male,85.9,1.7,13.8,21.8
18.0,Male,56.5,1.86,20.6,13.7
43.0,Female,65.2,1.97,23.2,17.03
18.0,Male,71.9,1.54,18.9,24.65
44.0,Male,66.8,1.72,31.5,22.21
55.0,Female,46.3,1.7,27.3,32.94
36.0,Male,93.2,1.63,25.8,24.94
57.0,Male,72.4,1.65,10.9,28.3
41.0,Male,70.7,1.81,30.3,23.32
52.0,Female,45.0,1.75,22.0,38.8
18.0,Female,74.8,1.83,22.9,15.29
31.0,Female,61.1,1.69,23.8,19.83
34.0,Female,44.3,1.76,25.8,16.48
20.0,Female,96.2,1.59,10.2,21.72
47.0,Male,69.7,1.83,30.2,20.78
33.0,Male,41.9,1.59,24.6,14.53
47.0,Female,52.9,1.67,22.9,30.5
58.0,Male,94.6,1.57,10.2,22.94
47.0,Male,70.5,1.67,30.0,46.78
27.0,Female,40.0,1.76,28.0,31.97
51.0,Male,51.6,1.83,27.6,24.12
18.0,Female,83.3,1.59,25.7,31.83
20.0,Male,67.7,1.84,13.7,19.76
43.0,Male,57.8,1.78,28.6,14.84
45.0,Male,59.0,1.87,18.2,31.55
29.0,Female,61.5,1.88,24.2,23.84
18.0,Female,40.0,1.75,14.6,17.62
37.0,Male,79.6,1.68,28.6,23.26
26.0,Female,68.6,1.75,29.4,20.02
49.0,Female,77.9,1.75,24.8,14.38
23.0,Female,40.9,1.75,24.8,12.32
18.0,Male,68.7,1.77,27.3,17.0
23.0,Male,114.9,1.61,28.0,22.67
47.0,Male,65.6,1.77,23.1,14.47
20.0,Female,90.9,1.69,18.1,16.23
40.0,Male,61.0,1.89,27.4,23.16
18.0,Male,66.8,1.66,23.2,12.56
56.0,Male,42.6,1.61,23.0,23.68
56.0,Female,88.8,1.7,24.1,12.32
34.0,Female,83.2,1.64,22.9,14.97
38.0,Female,99.1,1.5,17.8,24.56
43.0,Male,77.8,1.7,14.9,16.55
18.0,Male,47.8,1.85,30.8,12.32
24.0,Male,40.0,1.82,25.0,17.95
35.0,Female,91.0,1.55,27.0,16.0
21.0,Male,86.3,1.74,24.9,22.21
26.0,Male,64.6,1.82,28.1,19.63
40.0,Female,49.6,1.7,32.5,12.71
23.0,Female,59.6,1.81,22.6,12.32
46.0,Female,53.7,1.5,26.8,22.71
55.0,Female,58.9,1.56,22.1,30.52
31.0,Male,79.4,1.58,24.0,12.32
26.0,Male,83.1,1.52,10.0,20.05
31.0,Female,61.7,1.52,23.1,12.32
27.0,Male,66.6,1.7,26.6,13.51
45.0,Female,106.3,1.84,16.9,30.72
23.0,Female,73.2,1.58,25.0,24.85
48.0,Female,69.9,1.82,26.7,23.63
30.0,Female,62.3,1.53,20.5,34.48
48.0,Male,83.0,1.55,21.5,22.88
35.0,Male,75.4,1.64,20.5,30.23
30.0,Female,98.3,1.84,23.3,16.15
38.0,Female,46.5,1.65,24.1,12.32
44.0,Male,61.6,1.65,23.8,15.25
31.0,Female,64.0,1.85,27.0,14.26
18.0,Male,59.1,1.69,27.5,17.36
24.0,Female,45.1,1.6,31.2,22.88
18.0,Male,49.1,1.68,23.7,15.28
33.0,Male,85.0,1.73,16.6,13.34
21.0,Female,77.9,1.8,19.7,19.98
20.0,Male,40.0,1.52,25.1,25.64
59.0,Male,44.8,1.67,29.8,12.32
51.0,Female,66.4,1.77,33.1,14.27
50.0,Male,40.0,2.0,24.6,16.67
42.0,Male,96.2,1.63,16.3,25.15
45.0,Female,54.0,1.86,28.9,16.72
22.0,Male,71.1,1.68,10.0,16.09
47.0,Female,48.6,1.55,15.6,27.31
34.0,Female,100.1,1.97,25.5,22.68
51.0,Female,53.7,1.72,10.0,14.41
27.0,Male,83.5,1.67,25.8,18.45
18.0,Male,52.4,1.74,10.0,13.4
48.0,Male,89.5,1.61,10.0,12.32
25.0,Female,58.2,1.64,20.8,19.05
51.0,Male,126.0,1.74,27.3,22.63
58.0,Female,57.4,1.62,15.0,25.02
32.0,Female,52.3,1.59,20.3,22.56
55.0,Female,129.6,1.84,19.2,18.38
33.0,Female,72.3,1.8,26.5,12.32
28.0,Male,64.1,1.55,31.1,18.43
34.0,Male,66.7,1.55,19.4,12.32
35.0,Male,44.9,1.92,20.8,17.33
36.0,Female,90.0,1.69,20.6,13.72
27.0,Male,77.7,1.76,24.9,23.19
18.0,Male,100.0,1.73,23.3,12.32
52.0,Male,83.4,1.52,25.6,15.21
32.0,Female,46.5,1.83,10.0,14.63
37.0,Female,81.1,1.78,22.5,12.51
23.0,Female,55.4,1.8,27.1,18.71
23.0,Female,40.0,1.8,16.8,16.37
25.0,Female,76.2,1.87,26.2,17.02
52.0,Male,84.5,1.75,14.1,18.25
59.0,Male,40.0,2.0,27.0,43.74
42.0,Female,55.6,1.63,22.0,32.64
29.0,Male,73.6,1.82,25.2,30.41
29.0,Female,50.8,1.89,35.0,22.37
27.0,Male,72.5,1.88,34.6,27.76
41.0,Male,74.7,1.84,24.8,14.71
21.0,Female,94.4,1.69,20.7,14.52
52.0,Male,57.5,1.87,12.5,12.32
32.0,Male,51.1,1.86,34.8,21.49
30.0,Female,88.8,1.69,25.6,19.29
23.0,Female,52.6,1.78,31.1,21.08
18.0,Male,57.5,1.74,33.9,12.32
52.0,Female,45.1,1.65,21.5,29.89
45.0,Male,98.7,1.77,19.5,18.18
51.0,Male,63.0,1.78,29.1,15.95
34.0,Female,101.5,1.57,17.7,46.11
18.0,Female,89.8,1.66,28.4,16.69
42.0,Male,43.5,1.56,25.3,28.64
28.0,Female,121.1,1.75,21.0,26.5
18.0,Male,46.3,2.0,22.5,17.38
35.0,Male,40.0,1.71,20.2,27.14
56.0,Female,64.2,1.79,15.9,12.32
32.0,Female,90.5,1.63,31.3,12.99
42.0,Female,40.0,1.81,26.6,23.25
54.0,Male,72.6,1.56,26.1,31.41
18.0,Male,40.0,1.58,24.7,28.07
34.0,Female,89.7,1.78,24.2,39.54
21.0,Female,59.7,1.65,35.0,17.55
18.0,Male,42.0,1.82,16.4,29.09
18.0,Male,57.9,2.0,28.3,18.31
18.0,Female,40.0,1.8,24.1,14.93
18.0,Female,70.9,1.87,28.2,15.74
26.0,Male,44.0,1.6,21.1,15.5
31.0,Female,46.9,1.75,15.3,12.48
49.0,Male,47.5,1.79,25.8,13.47
38.0,Male,69.0,1.82,30.1,20.05
18.0,Female,59.1,2.0,23.2,13.32
18.0,Female,74.6,1.71,28.7,18.68
35.0,Male,98.6,1.55,27.8,23.47
29.0,Female,58.4,1.61,20.1,26.13
35.0,Female,76.1,1.81,17.7,26.86
38.0,Male,93.7,1.66,29.0,13.87
42.0,Female,88.6,2.0,18.6,18.3
18.0,Male,49.9,1.77,25.9,24.35
42.0,Female,99.9,1.6,32.6,15.78
26.0,Female,58.6,1.78,21.1,44.77
36.0,Male,57.4,1.58,18.3,20.91
47.0,Male,48.1,1.71,28.1,12.32
30.0,Male,60.1,1.93,29.7,24.29
23.0,Female,88.0,2.0,23.9,31.33
39.0,Female,62.5,1.74,24.2,17.6
38.0,Female,69.4,2.0,19.5,14.99
20.0,Female,69.3,1.75,24.6,25.22
18.0,Male,52.6,1.76,21.0,30.92
39.0,Female,65.6,1.7,20.2,14.83
22.0,Male,80.6,1.71,31.0,12.32
57.0,Female,43.5,2.0,18.7,23.74
25.0,Female,72.6,1.7,22.0,16.45
18.0,Male,87.5,1.76,22.4,21.79
50.0,Male,46.8,1.77,17.0,21.83
18.0,Female,44.9,1.77,12.3,20.39
18.0,Male,63.9,1.71,30.2,21.96
36.0,Female,67.5,1.71,20.6,18.75
24.0,Female,59.0,1.68,24.2,14.37
21.0,Male,90.1,1.72,27.1,22.34
18.0,Male,48.2,1.75,22.1,16.34
18.0,Male,78.1,1.75,31.6,17.61
31.0,Male,67.4,1.83,30.6,18.29
27.0,Male,44.1,1.56,10.0,20.18
26.0,Male,65.0,1.69,16.6,29.56
33.0,Female,95.0,1.85,20.5,12.66
30.0,Female,65.3,1.76,32.1,23.82
59.0,Male,40.0,1.72,12.6,12.32
46.0,Female,82.9,1.74,24.3,14.4
18.0,Male,59.4,1.87,14.9,36.72
49.0,Male,58.2,1.82,20.8,19.11
37.0,Female,77.3,1.58,23.5,12.32
22.0,Male,66.0,1.67,26.3,15.29
29.0,Female,67.4,1.76,21.4,19.6
31.0,Male,62.2,1.7,35.0,16.7
27.0,Female,59.6,1.73,16.3,16.62
35.0,Male,40.0,1.72,14.6,17.87
24.0,Male,41.3,1.73,26.2,14.93
48.0,Male,97.0,1.73,12.8,22.39
59.0,Female,47.2,1.68,15.4,23.79
49.0,Female,58.7,1.79,24.4,28.66
33.0,Male,65.7,1.97,19.1,19.14
31.0,Male,80.2,1.74,21.2,16.1
40.0,Male,59.3,2.0,24.6,17.04
57.0,Female,79.4,1.55,32.2,14.69
55.0,Male,86.2,2.0,27.2,20.09
28.0,Male,59.3,1.79,24.8,28.16
23.0,Male,40.0,1.87,23.7,13.11
30.0,Male,40.0,1.63,10.0,14.92
25.0,Female,61.4,1.7,32.5,19.45
46.0,Female,80.2,1.98,26.8,15.63
24.0,Female,89.0,1.61,23.8,30.63
28.0,Male,58.0,1.77,21.3,14.72
27.0,Male,53.0,1.91,34.4,21.18
23.0,Female,51.2,1.92,25.3,16.98
26.0,Female,51.9,1.9,32.2,20.41
27.0,Female,56.3,1.7,23.4,30.84
59.0,Male,108.3,1.53,21.9,17.75
22.0,Female,71.5,1.81,22.0,14.55
18.0,Male,89.4,1.84,17.3,14.77
32.0,Male,82.3,1.55,26.7,20.15
35.0,Male,96.5,1.54,35.0,20.43
44.0,Male,40.0,1.91,26.5,35.01
43.0,Male,65.2,1.5,26.7,14.95
18.0,Male,53.9,1.62,24.7,29.34
37.0,Female,61.3,1.96,31.1,24.18
37.0,Female,78.5,1.5,17.9,21.98
41.0,Female,40.0,1.78,29.8,12.32
18.0,Male,49.9,1.75,23.1,17.64
46.0,Female,69.9,1.68,35.0,18.95
24.0,Male,62.5,1.58,32.2,36.26
22.0,Male,40.0,1.67,24.1,13.05
53.0,Female,46.8,1.69,27.6,29.04
43.0,Male,70.1,1.72,25.0,25.52
18.0,Male,40.0,1.7,26.8,18.76
59.0,Female,73.6,1.6,30.0,15.78
18.0,Male,40.0,1.65,17.4,21.36
43.0,Male,72.6,1.64,21.3,12.97
36.0,Male,87.6,1.81,22.1,18.22
26.0,Female,110.3,1.94,30.0,12.32
40.0,Male,40.0,1.73,19.4,36.56
18.0,Male,123.8,1.62,22.3,24.63
59.0,Female,40.0,1.84,23.7,14.55
38.0,Male,41.4,1.71,30.8,14.6
33.0,Female,60.5,1.76,26.4,28.93
45.0,Female,40.0,1.69,25.2,12.75
44.0,Female,52.8,1.71,21.7,12.32
39.0,Female,69.9,1.85,27.7,12.87
25.0,Female,51.0,1.76,25.1,12.64
50.0,Female,92.6,1.91,25.2,21.42
21.0,Female,52.7,1.53,31.5,25.06
20.0,Male,40.0,1.78,25.5,22.57
50.0,Male,40.0,1.92,16.0,18.29
52.0,Female,81.7,1.59,28.2,19.89
41.0,Male,65.9,1.93,22.6,17.6
22.0,Male,55.0,1.88,16.3,26.04
31.0,Female,67.9,1.7,13.0,13.87
32.0,Female,86.0,1.6,17.4,20.18
29.0,Female,60.6,1.83,25.0,18.03
34.0,Male,47.8,1.69,20.2,12.32
19.0,Male,79.4,1.77,24.1,22.64
33.0,Female,62.4,1.72,27.1,29.29
47.0,Male,71.3,1.83,22.6,18.61
37.0,Male,116.2,1.65,22.1,23.58
50.0,Male,55.8,1.81,23.6,12.32
53.0,Female,55.9,1.78,21.1,12.32
29.0,Female,80.7,1.74,26.5,12.32
46.0,Male,69.0,1.88,23.4,14.54
34.0,Male,60.5,1.8,27.1,12.32
51.0,Female,96.3,1.88,28.1,16.31
47.0,Male,48.4,1.65,11.3,12.51
52.0,Male,77.8,1.59,27.3,23.73
25.0,Male,85.5,1.8,15.7,12.32
30.0,Male,67.4,1.79,18.9,25.14
36.0,Male,71.0,1.66,20.3,28.31
24.0,Female,50.5,2.0,26.6,16.2
21.0,Male,47.8,1.62,25.8,12.32
41.0,Male,40.0,1.74,20.1,15.67
51.0,Male,43.9,1.78,27.0,15.75
47.0,Male,59.6,1.88,30.6,12.32
22.0,Female,56.1,1.91,24.9,12.32
18.0,Male,56.5,1.93,22.3,16.43
39.0,Male,83.7,1.52,29.3,15.84
34.0,Female,79.1,1.73,30.7,18.31
46.0,Female,56.7,1.97,26.4,16.02
43.0,Female,47.1,1.81,22.2,29.69
51.0,Male,65.1,1.85,22.2,15.62
55.0,Female,60.6,1.68,24.0,18.66
42.0,Female,101.0,1.56,27.6,24.46
31.0,Female,66.4,1.76,24.7,29.07
49.0,Male,97.1,2.0,10.0,23.64
44.0,Male,86.1,1.73,22.7,19.23
37.0,Female,58.7,1.78,29.5,18.67
37.0,Female,69.1,1.74,31.9,18.07
46.0,Female,73.0,1.73,25.1,15.27
53.0,Male,67.3,1.5,15.8,12.32
47.0,Female,59.2,1.67,31.5,23.65
46.0,Female,119.6,1.71,23.9,12.32
53.0,Male,80.1,1.69,13.0,14.85
42.0,Male,59.1,1.65,21.2,35.06
36.0,Male,53.4,1.75,26.7,35.28
18.0,Male,98.9,1.58,27.5,12.32
41.0,Female,112.2,1.81,30.3,18.28
30.0,Male,101.6,1.73,22.1,40.75
19.0,Female,74.7,1.85,19.4,16.46
22.0,Male,68.4,1.86,20.0,16.16
22.0,Female,86.2,1.93,18.6,29.48
51.0,Male,98.9,1.85,25.0,25.3
27.0,Female,50.6,2.0,31.0,24.12
56.0,Female,68.1,2.0,23.8,17.05
22.0,Female,53.0,1.83,11.9,15.29
28.0,Male,59.2,1.68,27.3,12.32
35.0,Male,40.0,2.0,31.2,20.21
48.0,Male,90.4,2.0,24.4,13.35
25.0,Female,74.6,1.63,14.8,18.08
35.0,Female,56.2,1.74,26.9,20.61
18.0,Male,63.0,1.66,24.5,14.75
50.0,Female,76.1,1.82,25.0,14.5
52.0,Male,66.6,1.56,15.4,40.0
32.0,Female,45.9,1.83,22.4,17.82
31.0,Female,86.4,1.59,27.6,14.57
30.0,Female,54.9,1.93,26.7,13.37
21.0,Male,91.2,1.7,33.3,17.63
46.0,Male,54.2,1.91,14.0,26.79
22.0,Female,60.8,1.77,25.4,13.58
30.0,Male,46.8,1.67,15.2,12.32
31.0,Female,48.1,1.58,23.1,26.69
36.0,Male,56.5,1.61,32.6,25.74
55.0,Female,78.4,1.59,13.6,12.32
44.0,Male,78.2,1.8,17.0,18.17
34.0,Female,74.2,1.83,27.3,20.18
57.0,Female,84.0,1.95,17.5,21.88
47.0,Female,79.2,1.81,19.0,20.55
20.0,Female,102.9,1.61,23.5,21.82
30.0,Female,57.8,1.89,25.6,15.3
37.0,Female,94.5,1.73,23.8,17.52
54.0,Male,70.9,1.7,29.4,13.4
54.0,Female,52.6,1.81,26.7,27.97
31.0,Female,50.9,1.51,26.9,22.5
22.0,Female,69.3,1.56,30.7,23.56
18.0,Female,93.3,1.71,22.3,24.01
24.0,Female,91.2,1.82,26.9,12.74
25.0,Male,40.0,1.56,16.7,12.32
45.0,Male,76.6,1.77,19.1,20.79
25.0,Female,61.1,1.72,15.0,12.62
31.0,Female,48.4,1.81,23.1,31.33
28.0,Female,77.8,1.62,23.1,21.22
48.0,Male,119.9,1.73,18.5,18.18
39.0,Female,84.0,1.79,28.0,30.44
34.0,Male,80.7,1.8,27.2,13.63
24.0,Female,102.6,1.67,28.3,18.79
51.0,Female,80.4,1.64,26.4,12.32
42.0,Female,57.1,1.84,21.3,14.84
23.0,Female,60.5,1.88,23.5,15.38
18.0,Female,98.5,1.99,22.7,15.7
23.0,Female,68.0,1.74,24.5,17.47
18.0,Male,40.0,1.82,26.0,28.42
50.0,Male,41.9,2.0,24.6,16.02
18.0,Male,60.5,1.57,28.1,19.42
32.0,Male,40.0,1.61,15.1,25.61
46.0,Male,40.7,1.66,27.2,18.76
18.0,Female,53.8,1.7,31.4,15.72
46.0,Male,54.0,1.82,33.7,14.05
24.0,Male,105.7,2.0,25.9,43.01
31.0,Male,87.3,1.65,31.5,26.33
30.0,Female,57.7,1.76,23.2,12.32
24.0,Male,72.7,2.0,12.6,23.15
29.0,Female,81.4,1.89,14.5,21.8
39.0,Male,81.9,1.72,24.2,12.91
48.0,Female,65.1,1.79,23.5,28.56
28.0,Female,67.8,1.57,30.5,14.86
25.0,Male,56.9,1.61,20.1,23.68
53.0,Female,55.0,1.6,28.2,21.6
50.0,Female,61.5,1.57,22.5,17.3
27.0,Male,64.2,1.89,23.0,17.41
38.0,Male,76.7,1.99,28.3,14.98
54.0,Female,58.1,1.57,19.7,23.19
33.0,Female,58.2,1.62,26.5,12.32
46.0,Male,55.1,1.62,34.4,26.04
32.0,Female,51.2,1.9,21.6,22.51
43.0,Male,40.0,1.95,26.4,18.66
42.0,Male,45.3,1.53,21.1,17.18
22.0,Female,54.1,1.76,29.2,22.15
24.0,Male,58.8,1.89,27.1,15.86
27.0,Female,40.0,1.8,22.2,29.73
41.0,Male,53.0,1.62,21.0,20.51
18.0,Female,83.5,1.67,12.1,33.8
51.0,Female,58.6,2.0,16.7,37.28
18.0,Female,40.0,1.9,17.4,19.51
44.0,Female,91.2,1.87,22.7,15.5
31.0,Male,60.7,1.62,31.2,23.83
36.0,Male,62.2,1.5,11.4,22.96
23.0,Female,62.1,1.83,26.1,21.35
24.0,Male,79.0,1.62,25.0,12.32
38.0,Male,58.4,1.65,24.0,35.49
31.0,Female,75.8,1.7,24.2,15.58
55.0,Female,65.5,1.94,28.7,17.0
52.0,Female,81.0,1.62,25.4,17.41
24.0,Female,84.5,1.84,32.0,12.32
18.0,Male,48.7,1.75,34.4,38.48
30.0,Male,88.3,1.72,12.3,33.99
56.0,Female,85.2,1.6,26.5,21.05
40.0,Male,97.4,1.66,20.8,25.05
33.0,Male,73.3,1.86,35.0,15.26
33.0,Female,44.9,1.73,27.0,23.8
39.0,Male,59.9,1.71,24.7,19.74
40.0,Male,43.9,1.92,12.0,29.23
20.0,Male,40.0,1.52,22.6,22.23
26.0,Male,65.9,1.99,22.0,13.91
21.0,Female,59.8,1.65,30.4,12.32
36.0,Female,77.7,1.66,11.3,22.23
30.0,Male,61.6,1.77,24.3,24.78
18.0,Female,44.2,1.64,16.1,18.36
22.0,Male,63.7,1.85,24.4,13.95
45.0,Male,54.4,1.55,24.3,12.32
18.0,Female,77.7,1.55,14.8,12.32
18.0,Male,57.6,1.74,15.0,12.8
20.0,Male,75.6,1.74,21.4,34.73
47.0,Male,85.5,1.84,24.1,19.61
25.0,Male,62.4,1.59,11.0,32.63
31.0,Female,53.5,1.68,22.6,20.61
47.0,Male,78.8,1.82,31.7,15.78
20.0,Male,40.0,1.97,18.8,13.57
56.0,Male,51.5,1.66,24.2,25.65
24.0,Male,80.9,1.74,10.0,12.32
29.0,Female,85.3,1.68,26.1,15.99
18.0,Female,47.8,1.73,23.9,14.48
36.0,Female,87.9,1.54,21.1,29.54
49.0,Female,43.6,1.68,27.6,30.46
40.0,Female,55.7,1.6,23.7,24.88
20.0,Female,73.5,1.87,21.9,22.35
31.0,Female,52.7,1.65,24.0,18.38
47.0,Female,87.1,1.7,26.0,26.61
48.0,Female,57.3,1.9,10.0,38.13
44.0,Male,94.4,1.82,20.7,22.79
46.0,Male,44.9,1.93,31.4,12.32
55.0,Male,61.9,1.74,23.6,27.13
24.0,Male,83.4,1.7,26.4,21.68
18.0,Female,83.6,1.84,35.0,30.41
18.0,Male,87.3,1.71,30.0,12.32
18.0,Female,48.6,1.72,23.5,21.68
18.0,Female,80.7,2.0,25.6,18.28
33.0,Female,62.6,1.71,31.3,31.79
19.0,Male,41.9,1.69,27.9,17.97
58.0,Male,47.6,1.84,11.2,13.65
18.0,Female,129.9,1.76,25.1,13.89
58.0,Female,73.3,1.69,25.4,38.45
47.0,Male,45.4,1.81,28.6,29.15
47.0,Male,50.6,1.65,25.5,28.24
56.0,Male,54.0,1.92,21.6,12.32
34.0,Female,73.1,1.73,27.0,21.47
36.0,Male,47.2,1.83,29.9,13.01
29.0,Female,66.1,1.63,30.6,17.15
18.0,Male,59.0,1.78,18.9,12.32
33.0,Female,94.2,1.86,28.9,22.89
38.0,Male,40.0,1.86,14.7,12.32
18.0,Female,73.6,1.53,25.2,14.92
50.0,Male,69.1,1.88,19.9,17.62
31.0,Female,60.2,1.75,10.0,12.32
40.0,Male,73.8,1.85,27.9,22.4
18.0,Male,72.8,1.84,23.5,12.32
33.0,Female,40.0,1.63,28.2,12.98
33.0,Female,99.6,1.72,23.6,28.7
55.0,Male,64.4,1.76,26.7,21.26
50.0,Female,56.4,1.67,17.5,12.32
21.0,Male,45.2,1.73,24.2,22.25
33.0,Female,60.7,2.0,23.3,21.91
42.0,Male,53.6,1.86,21.9,20.71
35.0,Female,64.3,1.79,16.3,13.91
18.0,Male,78.0,1.51,31.4,12.32
46.0,Male,50.2,1.8,28.4,15.85
29.0,Female,57.0,1.62,17.9,13.32
50.0,Male,87.6,1.67,23.0,23.76
20.0,Female,86.0,1.69,23.3,28.85
28.0,Female,43.3,1.78,26.3,31.04
18.0,Male,65.9,1.78,23.9,24.81
18.0,Female,61.0,1.51,21.7,12.32
22.0,Male,71.0,1.72,28.5,17.82
42.0,Female,57.3,1.76,22.1,12.46
26.0,Male,95.2,1.68,24.2,19.46
38.0,Male,71.7,1.71,26.5,12.32
49.0,Female,68.8,1.66,26.2,15.5
43.0,Female,69.7,1.75,26.1,22.68
34.0,Female,102.9,1.64,24.2,14.76
23.0,Female,90.5,1.5,23.3,15.69
29.0,Female,40.0,1.72,27.1,21.98
31.0,Male,81.9,1.63,23.1,12.32
38.0,Male,99.6,1.6,30.6,16.92
18.0,Female,65.7,1.72,27.0,21.61
41.0,Female,85.7,1.66,11.1,17.33
29.0,Male,62.0,1.74,22.5,16.32
45.0,Male,70.9,2.0,27.8,27.46
49.0,Female,59.2,1.55,25.1,27.18
29.0,Male,83.7,1.8,16.0,13.59
55.0,Female,53.8,1.52,20.4,23.84
18.0,Female,68.1,1.66,27.2,25.77
41.0,Female,105.1,1.67,30.6,17.65
51.0,Male,58.8,1.63,24.7,21.73
20.0,Male,52.9,1.8,27.1,27.72
43.0,Female,57.1,1.96,29.9,13.07
23.0,Male,68.6,1.8,16.8,21.41
39.0,Male,76.2,1.77,28.7,17.38
47.0,Male,68.2,1.58,28.1,16.35
18.0,Male,40.0,1.64,19.2,28.02
28.0,Male,82.4,1.57,31.0,12.47
29.0,Male,46.8,1.7,24.7,26.27
21.0,Male,62.2,1.71,18.5,16.06
33.0,Male,58.1,1.65,22.4,12.32
45.0,Female,55.2,1.9,24.5,12.32
18.0,Female,65.5,1.69,24.4,12.32
22.0,Male,52.3,1.66,21.4,15.38
37.0,Female,40.0,1.66,27.2,23.21
28.0,Female,93.2,1.71,27.2,14.12
18.0,Female,53.9,1.73,10.0,15.92
52.0,Male,54.9,1.67,16.4,18.27
18.0,Male,62.7,1.87,10.3,13.14
57.0,Female,98.3,1.71,22.7,20.61
40.0,Female,71.4,1.92,10.0,18.19
33.0,Male,74.6,1.58,15.6,13.23
51.0,Male,47.1,2.0,21.9,14.85
46.0,Female,49.2,1.5,25.9,15.31
36.0,Male,80.8,1.91,23.6,18.61
51.0,Male,80.8,2.0,33.9,12.58
59.0,Female,85.7,1.6,33.4,24.01
18.0,Male,42.3,1.64,26.4,15.26
23.0,Female,41.5,1.89,27.6,20.79
22.0,Male,84.3,1.6,24.0,13.86
34.0,Male,82.4,1.66,26.3,18.08
32.0,Male,40.6,1.92,17.1,12.32
46.0,Female,58.6,2.0,27.1,24.38
20.0,Male,40.0,1.81,23.0,12.32
36.0,Female,80.8,1.71,19.4,12.54
54.0,Male,88.5,2.0,27.7,36.73
52.0,Male,84.3,1.69,32.6,15.11
47.0,Male,70.1,1.84,28.4,17.99
35.0,Male,49.3,1.71,32.9,12.65
40.0,Male,79.5,1.92,14.7,23.51
